dataset_id,source_file,doi,title,year,technique_tag
crossref::10.53846/goediss-5425,data\raw\public_api\20260425T115542Z\crossref_microtubule_spectroscopy.json,10.53846/goediss-5425,NMR Spectroscopy of the Tau-Microtubule Interaction,None,nmr
crossref::10.1016/j.bpj.2015.11.1101,data\raw\public_api\20260425T115542Z\crossref_microtubule_spectroscopy.json,10.1016/j.bpj.2015.11.1101,Force Spectroscopy of Extensile Microtubule Bundles,2016,spectroscopy
crossref::10.1096/fasebj.20.4.a492-b,data\raw\public_api\20260425T115542Z\crossref_microtubule_spectroscopy.json,10.1096/fasebj.20.4.a492-b,Microtubule Structural Dynamics Measured with Impedance Spectroscopy,2006,spectroscopy
crossref::10.1016/j.bpj.2019.11.2612,data\raw\public_api\20260425T115542Z\crossref_microtubule_spectroscopy.json,10.1016/j.bpj.2019.11.2612,Localized Surface Plasmon Resonance Spectroscopy for the Detection of Microtubule Nucleation,2020,spectroscopy
crossref::10.1016/j.bpj.2011.11.3805,data\raw\public_api\20260425T115542Z\crossref_microtubule_spectroscopy.json,10.1016/j.bpj.2011.11.3805,Analysis of the Projection Domain of the Microtubule Associated Protein Tau using Force Spectroscopy,2012,spectroscopy
crossref::10.1096/fasebj.27.1_supplement.1036.4,data\raw\public_api\20260425T115542Z\crossref_microtubule_spectroscopy.json,10.1096/fasebj.27.1_supplement.1036.4,A Functional Analysis of the Projection Domain of the Microtubule Associated Protein Tau Using Force Spectroscopy,2013,spectroscopy
crossref::10.1016/j.bpj.2017.11.2114,data\raw\public_api\20260425T115542Z\crossref_microtubule_spectroscopy.json,10.1016/j.bpj.2017.11.2114,Ultrafast Force-Clamp Spectroscopy Reveals “Sliding” Catch-Bond Behavior of the Microtubule-Binding NdC80 Protein,2018,spectroscopy
crossref::10.1016/s0006-3495(03)70043-5,data\raw\public_api\20260425T115542Z\crossref_microtubule_spectroscopy.json,10.1016/s0006-3495(03)70043-5,EPR Spectroscopy Shows a Microtubule-Dependent Conformational Change in the Kinesin Switch 1 Domain,2003,spectroscopy
crossref::10.1103/physreve.97.052414,data\raw\public_api\20260425T115542Z\crossref_microtubule_spectroscopy.json,10.1103/physreve.97.052414,"Molecular force spectroscopy of kinetochore-microtubule attachment 
<i>in silico</i>
: Mechanical signatures of an unusual catch bond and collective effects",2018,spectroscopy
crossref::10.1016/j.bmcl.2006.05.067,data\raw\public_api\20260425T115542Z\crossref_microtubule_spectroscopy.json,10.1016/j.bmcl.2006.05.067,Mapping the bound conformation and protein interactions of microtubule destabilizing peptides by STD–NMR spectroscopy,2006,nmr
crossref::10.1007/978-1-0716-2229-2_22,data\raw\public_api\20260425T115542Z\crossref_microtubule_spectroscopy.json,10.1007/978-1-0716-2229-2_22,Ultrafast Force-Clamp Spectroscopy of Microtubule-Binding Proteins,2022,spectroscopy
crossref::10.1016/s0006-291x(02)00457-6,data\raw\public_api\20260425T115542Z\crossref_microtubule_spectroscopy.json,10.1016/s0006-291x(02)00457-6,"Amphipathic helical behavior of the third repeat fragment in the tau microtubule-binding domain, studied by 1H NMR spectroscopy",2002,nmr
crossref::10.1007/978-1-0716-1406-8_10,data\raw\public_api\20260425T115542Z\crossref_microtubule_spectroscopy.json,10.1007/978-1-0716-1406-8_10,Solid-State NMR Spectroscopy for Studying Microtubules and Microtubule-Associated Proteins,2021,nmr
crossref::10.1021/bi991936r,data\raw\public_api\20260425T115542Z\crossref_microtubule_spectroscopy.json,10.1021/bi991936r,Conformation of Microtubule-Bound Paclitaxel Determined by Fluorescence Spectroscopy and REDOR NMR,1999,fluorescence
crossref::10.17504/protocols.io.b7r4rm8w,data\raw\public_api\20260425T115542Z\crossref_microtubule_spectroscopy.json,10.17504/protocols.io.b7r4rm8w,LRRK2RCKW Widefield fluorescence microtubule binding assay v1,2022,fluorescence
crossref::10.1002/ange.200604505,data\raw\public_api\20260425T115542Z\crossref_microtubule_spectroscopy.json,10.1002/ange.200604505,Structural Basis of the Activity of the Microtubule‐Stabilizing Agent Epothilone A Studied by NMR Spectroscopy in Solution,2007,nmr
crossref::10.17504/protocols.io.kxygxz7bdv8j/v1,data\raw\public_api\20260425T115542Z\crossref_microtubule_spectroscopy.json,10.17504/protocols.io.kxygxz7bdv8j/v1,LRRK2RCKW Widefield fluorescence microtubule binding assay v1,2022,fluorescence
crossref::10.1246/bcsj.76.1617,data\raw\public_api\20260425T115542Z\crossref_microtubule_spectroscopy.json,10.1246/bcsj.76.1617,"Solvent-Dependent Conformation of the Third Repeat Fragment in the Microtubule-Binding Domain of Tau Protein, Analyzed by 1H-NMR Spectroscopy and Molecular Modeling Calculation",2003,nmr
crossref::10.1002/anie.200604505,data\raw\public_api\20260425T115542Z\crossref_microtubule_spectroscopy.json,10.1002/anie.200604505,Structural Basis of the Activity of the Microtubule‐Stabilizing Agent Epothilone A Studied by NMR Spectroscopy in Solution,2007,nmr
crossref::10.1016/0309-1651(85)90031-1,data\raw\public_api\20260425T115542Z\crossref_microtubule_spectroscopy.json,10.1016/0309-1651(85)90031-1,Immunofluorescence microscopy of tubulin and microtubule arrays in plant cells. III. Transition between mitotic/ cytokinetic and interphase microtubule arrays,1985,fluorescence
crossref::10.1016/s0070-2153(08)60234-3,data\raw\public_api\20260425T115542Z\crossref_microtubule_spectroscopy.json,10.1016/s0070-2153(08)60234-3,"12 Confocal Immunofluorescence Microscopy of Microtubules, Microtubule-Associated Proteins, and Microtubule-Organizing Centers during Amphibian Oogenesis and Early Development",1996,fluorescence
crossref::10.1016/0014-5793(82)80042-2,data\raw\public_api\20260425T115542Z\crossref_microtubule_spectroscopy.json,10.1016/0014-5793(82)80042-2,<sup>1</sup>H NMR evidence for flexibility in microtubule‐associated proteins and microtubule protein oligomers,1982,nmr
crossref::10.70675/39c39bc5z6a22z4fdaz8fc7z84fbbcbc3c0d,data\raw\public_api\20260425T115542Z\crossref_microtubule_spectroscopy.json,10.70675/39c39bc5z6a22z4fdaz8fc7z84fbbcbc3c0d,Auto-organisation spatiale et mouvement dans la matière active cytosquelettique : le système kinésine-microtubule,None,uv-vis
crossref::10.1016/j.molstruc.2020.128519,data\raw\public_api\20260425T115542Z\crossref_microtubule_spectroscopy.json,10.1016/j.molstruc.2020.128519,"Synthesis, molecular docking, and saturation-transfer difference NMR spectroscopy of longipinane derivatives as novel microtubule stabilizers",2020,nmr
crossref::10.70675/bce34549z7072z464dzb7cdzed424a591f36,data\raw\public_api\20260425T115542Z\crossref_microtubule_spectroscopy.json,10.70675/bce34549z7072z464dzb7cdzed424a591f36,Nouveau candidat biomarqueur du cancer du sein triple-négatif métastatique : la syntabuline comme protéine clé du dialogue mitochondrie-microtubule,None,uv-vis
crossref::10.1016/bs.mcb.2016.03.014,data\raw\public_api\20260425T115542Z\crossref_microtubule_spectroscopy.json,10.1016/bs.mcb.2016.03.014,Fluorescence microscopy of actin- and microtubule-associated septins in mammalian cells,2016,fluorescence
crossref::10.1016/b978-0-12-417760-4.50023-9,data\raw\public_api\20260425T115542Z\crossref_microtubule_spectroscopy.json,10.1016/b978-0-12-417760-4.50023-9,Fluorescence Studies of Microtubule Dynamics in Living Cells,1989,fluorescence
crossref::10.1101/074047,data\raw\public_api\20260425T115542Z\crossref_microtubule_spectroscopy.json,10.1101/074047,MTQuant: “Seeing” Beyond the Diffraction Limit in Fluorescence Images to Quantify Neuronal Microtubule Organization,2016,fluorescence
crossref::10.1016/b978-0-12-407757-7.00021-9,data\raw\public_api\20260425T115542Z\crossref_microtubule_spectroscopy.json,10.1016/b978-0-12-407757-7.00021-9,Fluorescence-Based Assays for Microtubule Architecture,2013,fluorescence
crossref::10.7554/elife.29303.012,data\raw\public_api\20260425T115542Z\crossref_microtubule_spectroscopy.json,10.7554/elife.29303.012,Figure 4—figure supplement 1. Fluorescence Dissipation After Photoactivation (FDAPA) Representative Curves From Microtubule Stability Measurements.,None,fluorescence
crossref::10.1016/s0091-679x(10)97003-9,data\raw\public_api\20260425T115542Z\crossref_microtubule_spectroscopy.json,10.1016/s0091-679x(10)97003-9,The Use of Fluorescence Redistribution After Photobleaching for Analysis of Cellular Microtubule Dynamics,2010,fluorescence
crossref::10.1007/978-1-59745-442-1_6,data\raw\public_api\20260425T115542Z\crossref_microtubule_spectroscopy.json,10.1007/978-1-59745-442-1_6,Fluorescence Microscopy of Microtubules in Cultured Cells,2007,fluorescence
crossref::10.1093/oxfordjournals.pcp.a077210,data\raw\public_api\20260425T115542Z\crossref_microtubule_spectroscopy.json,10.1093/oxfordjournals.pcp.a077210,Immunofluorescence Microscopy of Microtubule Arrangement in Root Cells of &lt;italic&gt;Pisum sativum&lt;/italic&gt; L. var Alaska,1986,fluorescence
crossref::10.1007/bf00397344,data\raw\public_api\20260425T115542Z\crossref_microtubule_spectroscopy.json,10.1007/bf00397344,Immunofluorescence microscopy of microtubule arrangement in Closterium acerosum (Schrank) Ehrenberg,1985,fluorescence
crossref::10.24450/journals/abrep.2019.e17,data\raw\public_api\20260425T115542Z\crossref_microtubule_spectroscopy.json,10.24450/journals/abrep.2019.e17,AA344 and AA345 antibodies recognize the microtubule network in human cells by immunofluorescence,2019,fluorescence
crossref::10.1021/ja504864m,data\raw\public_api\20260425T115542Z\crossref_microtubule_spectroscopy.json,10.1021/ja504864m,Mechanism of Tau-Promoted Microtubule Assembly As Probed by NMR Spectroscopy,2014,nmr
crossref::10.1007/978-1-4899-1618-1_4,data\raw\public_api\20260425T115542Z\crossref_microtubule_spectroscopy.json,10.1007/978-1-4899-1618-1_4,Microtubule Pattern During Cytoplasmic Reorganization of the Fertilized Xenopus Egg: Effect of UV Irradiation,1995,uv-vis
crossref::10.1016/0003-2697(80)90080-9,data\raw\public_api\20260425T115542Z\crossref_microtubule_spectroscopy.json,10.1016/0003-2697(80)90080-9,A rapid dilution cuvette for kinetic studies of microtubule disassembly,1980,uv-vis
crossref::10.1007/978-1-4615-5845-3_26,data\raw\public_api\20260425T115542Z\crossref_microtubule_spectroscopy.json,10.1007/978-1-4615-5845-3_26,Probing of Microtubule Structures with Monoclonal Antibodies and Immunofluorescence Microscopy,1996,fluorescence
crossref::10.1083/jcb.109.2.637,data\raw\public_api\20260425T115542Z\crossref_microtubule_spectroscopy.json,10.1083/jcb.109.2.637,Polewards microtubule flux in the mitotic spindle: evidence from photoactivation of fluorescence.,1989,fluorescence
crossref::10.1016/s0006-3495(01)75680-9,data\raw\public_api\20260425T115542Z\crossref_microtubule_spectroscopy.json,10.1016/s0006-3495(01)75680-9,Microtubule Treadmilling in Vitro Investigated by Fluorescence Speckle and Confocal Microscopy,2001,fluorescence
crossref::10.1016/j.bbamcr.2019.118572,data\raw\public_api\20260425T115542Z\crossref_microtubule_spectroscopy.json,10.1016/j.bbamcr.2019.118572,Fluorescence correlation spectroscopy reveals the dynamics of kinesins interacting with organelles during microtubule-dependent transport in cells,2020,fluorescence
crossref::10.1002/cm.970070410,data\raw\public_api\20260425T115542Z\crossref_microtubule_spectroscopy.json,10.1002/cm.970070410,Microtubule cycle in <i>Chlamydomonas reinhardtii</i>: An Immunofluorescence study,1987,fluorescence
crossref::10.1007/s12038-018-9765-2,data\raw\public_api\20260425T115542Z\crossref_microtubule_spectroscopy.json,10.1007/s12038-018-9765-2,Fluorescence microscopy applied to intracellular transport by microtubule motors,2018,fluorescence
crossref::10.1017/s143192761100105x,data\raw\public_api\20260425T115542Z\crossref_microtubule_spectroscopy.json,10.1017/s143192761100105x,Total Internal Reflection Fluorescence Microscopy to Study Microtubule Dynamics,2011,fluorescence
crossref::10.15832/ankutbd.447642,data\raw\public_api\20260425T115542Z\crossref_microtubule_spectroscopy.json,10.15832/ankutbd.447642,Comparison of Microtubule Organization in Arabidopsis thaliana TUBGFP and MBD-GFP Mutants Exposed to UV-B Radiation,2017,uv-vis
crossref::10.1083/jcb.76.1.229,data\raw\public_api\20260425T115542Z\crossref_microtubule_spectroscopy.json,10.1083/jcb.76.1.229,Microtubule system of isolated fish melanophores as revealed by immunofluorescence microscopy.,1978,fluorescence
crossref::10.1038/254152a0,data\raw\public_api\20260425T115542Z\crossref_microtubule_spectroscopy.json,10.1038/254152a0,Fluorescence techniques for following interactions of microtubule subunits and membranes,1975,fluorescence
crossref::10.2142/biophys.50.s145_4,data\raw\public_api\20260425T115542Z\crossref_microtubule_spectroscopy.json,10.2142/biophys.50.s145_4,"3P004 Structural studies of microtubule pulse-end tracking protein EB1 by solution NMR spectroscopy(Protein: Structure,The 48th Annual Meeting of the Biophysical Society of Japan)",2010,nmr
crossref::10.3410/f.9206957.9800055,data\raw\public_api\20260425T115542Z\crossref_microtubule_spectroscopy.json,10.3410/f.9206957.9800055,"Faculty Opinions recommendation of A generative model of microtubule distributions, and indirect estimation of its parameters from fluorescence microscopy images.",2011,fluorescence
crossref::10.1016/0309-1651(81)90009-6,data\raw\public_api\20260425T115542Z\crossref_microtubule_spectroscopy.json,10.1016/0309-1651(81)90009-6,Visualization of assembled and disassembled microtubule protein by double label fluorescence microscopy,1981,fluorescence
crossref::10.1016/0012-1606(86)90391-x,data\raw\public_api\20260425T115542Z\crossref_microtubule_spectroscopy.json,10.1016/0012-1606(86)90391-x,"Microtubule cycles in oocytes of the surf clam, Spisula solidissima: An immunofluorescence study",1986,fluorescence
crossref::10.5772/intechopen.93524,data\raw\public_api\20260425T115542Z\crossref_microtubule_spectroscopy.json,10.5772/intechopen.93524,Fluorescence Methods for the Analysis of Microtubule/Microfilament Involvement in the Regulation of Endothelial Barrier Function,2020,fluorescence
crossref::10.1016/j.jalz.2018.06.1122,data\raw\public_api\20260425T115542Z\crossref_microtubule_spectroscopy.json,10.1016/j.jalz.2018.06.1122,P2‐430: MR SPECTROSCOPY FROM FRONTAL LOBE AND POSTERIOR CINGULATE GYRUS IN ASYMPTOMATIC AND SYMPTOMATIC MICROTUBULE‐ASSOCIATED PROTEIN TAU (MAPT) MUTATION CARRIERS,2018,spectroscopy
crossref::10.1007/978-94-011-3392-0_9,data\raw\public_api\20260425T115542Z\crossref_microtubule_spectroscopy.json,10.1007/978-94-011-3392-0_9,A Raman Spectroscopic Study of Microtubule Protein,1991,raman
europepmc::41381485,data\raw\public_api\20260425T115542Z\europepmc_microtubule_spectroscopy.json,10.1038/s41467-025-67319-x,Biocompatible sulfonium-based covalent probes for endogenous tubulin fluorescence nanoscopy in live and fixed cells.,2025,fluorescence
europepmc::34692217,data\raw\public_api\20260425T115542Z\europepmc_microtubule_spectroscopy.json,10.1364/boe.433240,Disassembly of microtubules by intense terahertz pulses.,2021,thz
europepmc::41381485,data\raw\public_api\20260425T115542Z\europepmc_microtubule_spectroscopy.json,10.1038/s41467-025-67319-x,Biocompatible sulfonium-based covalent probes for endogenous tubulin fluorescence nanoscopy in live and fixed cells.,2025,fluorescence
europepmc::34692217,data\raw\public_api\20260425T115542Z\europepmc_microtubule_spectroscopy.json,10.1364/boe.433240,Disassembly of microtubules by intense terahertz pulses.,2021,thz
europepmc::41381485,data\raw\public_api\20260425T115542Z\europepmc_microtubule_spectroscopy.json,10.1038/s41467-025-67319-x,Biocompatible sulfonium-based covalent probes for endogenous tubulin fluorescence nanoscopy in live and fixed cells.,2025,fluorescence
europepmc::34692217,data\raw\public_api\20260425T115542Z\europepmc_microtubule_spectroscopy.json,10.1364/boe.433240,Disassembly of microtubules by intense terahertz pulses.,2021,thz
europepmc::41381485,data\raw\public_api\20260425T115542Z\europepmc_microtubule_spectroscopy.json,10.1038/s41467-025-67319-x,Biocompatible sulfonium-based covalent probes for endogenous tubulin fluorescence nanoscopy in live and fixed cells.,2025,fluorescence
europepmc::34692217,data\raw\public_api\20260425T115542Z\europepmc_microtubule_spectroscopy.json,10.1364/boe.433240,Disassembly of microtubules by intense terahertz pulses.,2021,thz
europepmc::41381485,data\raw\public_api\20260425T115542Z\europepmc_microtubule_spectroscopy.json,10.1038/s41467-025-67319-x,Biocompatible sulfonium-based covalent probes for endogenous tubulin fluorescence nanoscopy in live and fixed cells.,2025,fluorescence
europepmc::34692217,data\raw\public_api\20260425T115542Z\europepmc_microtubule_spectroscopy.json,10.1364/boe.433240,Disassembly of microtubules by intense terahertz pulses.,2021,thz
europepmc::41381485,data\raw\public_api\20260425T115542Z\europepmc_microtubule_spectroscopy.json,10.1038/s41467-025-67319-x,Biocompatible sulfonium-based covalent probes for endogenous tubulin fluorescence nanoscopy in live and fixed cells.,2025,fluorescence
europepmc::34692217,data\raw\public_api\20260425T115542Z\europepmc_microtubule_spectroscopy.json,10.1364/boe.433240,Disassembly of microtubules by intense terahertz pulses.,2021,thz
europepmc::41381485,data\raw\public_api\20260425T115542Z\europepmc_microtubule_spectroscopy.json,10.1038/s41467-025-67319-x,Biocompatible sulfonium-based covalent probes for endogenous tubulin fluorescence nanoscopy in live and fixed cells.,2025,fluorescence
europepmc::34692217,data\raw\public_api\20260425T115542Z\europepmc_microtubule_spectroscopy.json,10.1364/boe.433240,Disassembly of microtubules by intense terahertz pulses.,2021,thz
europepmc::41381485,data\raw\public_api\20260425T115542Z\europepmc_microtubule_spectroscopy.json,10.1038/s41467-025-67319-x,Biocompatible sulfonium-based covalent probes for endogenous tubulin fluorescence nanoscopy in live and fixed cells.,2025,fluorescence
europepmc::34692217,data\raw\public_api\20260425T115542Z\europepmc_microtubule_spectroscopy.json,10.1364/boe.433240,Disassembly of microtubules by intense terahertz pulses.,2021,thz
europepmc::41381485,data\raw\public_api\20260425T115542Z\europepmc_microtubule_spectroscopy.json,10.1038/s41467-025-67319-x,Biocompatible sulfonium-based covalent probes for endogenous tubulin fluorescence nanoscopy in live and fixed cells.,2025,fluorescence
europepmc::34692217,data\raw\public_api\20260425T115542Z\europepmc_microtubule_spectroscopy.json,10.1364/boe.433240,Disassembly of microtubules by intense terahertz pulses.,2021,thz
europepmc::41381485,data\raw\public_api\20260425T115542Z\europepmc_microtubule_spectroscopy.json,10.1038/s41467-025-67319-x,Biocompatible sulfonium-based covalent probes for endogenous tubulin fluorescence nanoscopy in live and fixed cells.,2025,fluorescence
europepmc::34692217,data\raw\public_api\20260425T115542Z\europepmc_microtubule_spectroscopy.json,10.1364/boe.433240,Disassembly of microtubules by intense terahertz pulses.,2021,thz
europepmc::41381485,data\raw\public_api\20260425T115542Z\europepmc_microtubule_spectroscopy.json,10.1038/s41467-025-67319-x,Biocompatible sulfonium-based covalent probes for endogenous tubulin fluorescence nanoscopy in live and fixed cells.,2025,fluorescence
europepmc::34692217,data\raw\public_api\20260425T115542Z\europepmc_microtubule_spectroscopy.json,10.1364/boe.433240,Disassembly of microtubules by intense terahertz pulses.,2021,thz
europepmc::41381485,data\raw\public_api\20260425T115542Z\europepmc_microtubule_spectroscopy.json,10.1038/s41467-025-67319-x,Biocompatible sulfonium-based covalent probes for endogenous tubulin fluorescence nanoscopy in live and fixed cells.,2025,fluorescence
europepmc::34692217,data\raw\public_api\20260425T115542Z\europepmc_microtubule_spectroscopy.json,10.1364/boe.433240,Disassembly of microtubules by intense terahertz pulses.,2021,thz
europepmc::41381485,data\raw\public_api\20260425T115542Z\europepmc_microtubule_spectroscopy.json,10.1038/s41467-025-67319-x,Biocompatible sulfonium-based covalent probes for endogenous tubulin fluorescence nanoscopy in live and fixed cells.,2025,fluorescence
europepmc::34692217,data\raw\public_api\20260425T115542Z\europepmc_microtubule_spectroscopy.json,10.1364/boe.433240,Disassembly of microtubules by intense terahertz pulses.,2021,thz
europepmc::41381485,data\raw\public_api\20260425T115542Z\europepmc_microtubule_spectroscopy.json,10.1038/s41467-025-67319-x,Biocompatible sulfonium-based covalent probes for endogenous tubulin fluorescence nanoscopy in live and fixed cells.,2025,fluorescence
europepmc::34692217,data\raw\public_api\20260425T115542Z\europepmc_microtubule_spectroscopy.json,10.1364/boe.433240,Disassembly of microtubules by intense terahertz pulses.,2021,thz
europepmc::41381485,data\raw\public_api\20260425T115542Z\europepmc_microtubule_spectroscopy.json,10.1038/s41467-025-67319-x,Biocompatible sulfonium-based covalent probes for endogenous tubulin fluorescence nanoscopy in live and fixed cells.,2025,fluorescence
europepmc::34692217,data\raw\public_api\20260425T115542Z\europepmc_microtubule_spectroscopy.json,10.1364/boe.433240,Disassembly of microtubules by intense terahertz pulses.,2021,thz
openalex::https://openalex.org/W7155451423,data\raw\public_api\20260425T115542Z\openalex_microtubule_quantum.json,None,Engineering quantum optical responses of microtubules through tryptophan-network simulations and ultraviolet spectroscopy,2026,spectroscopy
openalex::https://openalex.org/W7155179759,data\raw\public_api\20260425T115542Z\openalex_microtubule_quantum.json,10.48550/arxiv.2604.18604,Engineering quantum optical responses of microtubules through tryptophan-network simulations and ultraviolet spectroscopy,2026,spectroscopy
openalex::https://openalex.org/W2806195630,data\raw\public_api\20260425T115542Z\openalex_microtubule_quantum.json,10.1038/s41467-018-04535-8,A fluorescence anisotropy assay to discover and characterize ligands targeting the maytansine site of tubulin,2018,fluorescence
openalex::https://openalex.org/W2076434742,data\raw\public_api\20260425T115542Z\openalex_microtubule_quantum.json,10.1117/1.1646416,Fluorescence correlation spectroscopy investigation of a GFP mutant-enhanced cyan fluorescent protein and its tubulin fusion in living cells with two-photon excitation,2004,fluorescence
openalex::https://openalex.org/W4206416225,data\raw\public_api\20260425T115542Z\openalex_microtubule_quantum.json,10.1016/j.bpr.2021.100043,Fano resonance line shapes in the Raman spectra of tubulin and microtubules reveal quantum effects,2022,raman
openalex::https://openalex.org/W4400047106,data\raw\public_api\20260425T115542Z\openalex_microtubule_quantum.json,10.3390/nano14131093,Raman Spectroscopy Reveals Photobiomodulation-Induced α-Helix to β-Sheet Transition in Tubulins: Potential Implications for Alzheimer’s and Other Neurodegenerative Diseases,2024,raman
openalex::https://openalex.org/W4386034288,data\raw\public_api\20260425T115542Z\openalex_microtubule_quantum.json,10.1063/5.0158302,Intracavity dynamics-based gain-assisted sensing with microtubule Raman microlaser,2023,raman
openalex::https://openalex.org/W3103776640,data\raw\public_api\20260425T115542Z\openalex_microtubule_quantum.json,10.1101/351098,Microtubule Probe for Correlative Super-Resolution Fluorescence and Electron Microscopy,2018,fluorescence
