dataset_id,snr,snr_c,fdm_lite,psi_lite,iqi_spec,delta_lambda_over_fwhm,delta_bic,p_doublet,peak_nm,prep_stability,p_boundary
pubchem::10079877,6,300,-0.98,0.05,0.01805,,,,,0.95,0.05
pubchem::104850,1,300,-0.996667,0.05,0.00300833,,,,,0.95,0.05
pubchem::104850,507791,300,1691.64,0.05,0.9025,,,,,0.95,0.05
pubchem::104850,10,300,-0.966667,0.05,0.0300833,,,,,0.95,0.05
pubchem::104850,73244,300,243.147,0.05,0.9025,,,,,0.95,0.05
pubchem::104865,547852,300,1825.17,0.05,0.9025,,,,,0.95,0.05
pubchem::104865,507791,300,1691.64,0.05,0.9025,,,,,0.95,0.05
pubchem::104865,1,300,-0.996667,0.05,0.00300833,,,,,0.95,0.05
pubchem::104865,10,300,-0.966667,0.05,0.0300833,,,,,0.95,0.05
pubchem::104865,18462,300,60.54,0.05,0.9025,,,,,0.95,0.05
pubchem::104865,501922,300,1672.07,0.05,0.9025,,,,,0.95,0.05
pubchem::104865,1056,300,2.52,0.05,0.9025,,,,,0.95,0.05
pubchem::10607,5,300,-0.983333,0.05,0.0150417,,,,,0.95,0.05
pubchem::10607,507791,300,1691.64,0.05,0.9025,,,,,0.95,0.05
pubchem::10607,0.1,300,-0.999667,0.05,0.000300833,,,,,0.95,0.05
pubchem::10607,10,300,-0.966667,0.05,0.0300833,,,,,0.95,0.05
pubchem::10607,10,300,-0.966667,0.05,0.0300833,,,,,0.95,0.05
pubchem::10607,16,300,-0.946667,0.05,0.0481333,,,,,0.95,0.05
pubchem::10607,5,300,-0.983333,0.05,0.0150417,,,,,0.95,0.05
pubchem::10607,0.2,300,-0.999333,0.05,0.000601667,,,,,0.95,0.05
pubchem::10607,5,300,-0.983333,0.05,0.0150417,,,,,0.95,0.05
pubchem::10607,9289,300,29.9633,0.05,0.9025,,,,,0.95,0.05
pubchem::10657,4,300,-0.986667,0.05,0.0120333,,,,,0.95,0.05
pubchem::10657,,300,,0.05,,,,,250,0.95,0.05
pubchem::10657,0.01,300,-0.999967,0.05,3.00833e-05,,,,,0.95,0.05
pubchem::10657,1,300,-0.996667,0.05,0.00300833,,,,,0.95,0.05
pubchem::10657,10,300,-0.966667,0.05,0.0300833,,,,,0.95,0.05
pubchem::10838895,,300,,0.05,,,14.1,0.999133,,0.95,0.05
pubchem::10838895,,300,,0.05,,,14.1,0.999133,,0.95,0.05
pubchem::11343137,10,300,-0.966667,0.05,0.0300833,,,,,0.95,0.05
pubchem::11351021,77882,300,258.607,0.05,0.9025,,,,,0.95,0.05
pubchem::11354606,6,300,-0.98,0.05,0.01805,,,,,0.95,0.05
pubchem::11354606,,300,,0.05,,,29.3,1,,0.95,0.05
pubchem::11354606,547852,300,1825.17,0.05,0.9025,,,,,0.95,0.05
pubchem::11354606,507791,300,1691.64,0.05,0.9025,,,,,0.95,0.05
pubchem::11354606,10,300,-0.966667,0.05,0.0300833,,,,,0.95,0.05
pubchem::11354606,501922,300,1672.07,0.05,0.9025,,,,,0.95,0.05
pubchem::11414799,96747,300,321.49,0.05,0.9025,,,,,0.95,0.05
pubchem::11545920,2,300,-0.993333,0.05,0.00601667,,,,,0.95,0.05
pubchem::11607738,6,300,-0.98,0.05,0.01805,,,,,0.95,0.05
pubchem::11607738,10,300,-0.966667,0.05,0.0300833,,,,,0.95,0.05
pubchem::11643449,6,300,-0.98,0.05,0.01805,,,,,0.95,0.05
pubchem::11957714,6,300,-0.98,0.05,0.01805,,,,,0.95,0.05
pubchem::11972518,6,300,-0.98,0.05,0.01805,,,,,0.95,0.05
pubchem::126941,,300,,0.05,,,1995,1,,0.95,0.05
pubchem::126941,,300,,0.05,,,1995,1,,0.95,0.05
pubchem::126941,,300,,0.05,,,1995,1,,0.95,0.05
pubchem::126941,0.1,300,-0.999667,0.05,0.000300833,,,,243,0.95,0.05
pubchem::126941,,300,,0.05,,,,,,0.95,0.05
pubchem::126941,,300,,0.05,,,,,,0.95,0.05
pubchem::126941,1,300,-0.996667,0.05,0.00300833,,,,,0.95,0.05
pubchem::126941,547852,300,1825.17,0.05,0.9025,,,,,0.95,0.05
pubchem::126941,507791,300,1691.64,0.05,0.9025,,,,,0.95,0.05
pubchem::126941,1,300,-0.996667,0.05,0.00300833,,,,,0.95,0.05
pubchem::126941,0.18,300,-0.9994,0.05,0.0005415,,,,,0.95,0.05
pubchem::126941,0.1,300,-0.999667,0.05,0.000300833,,,,,0.95,0.05
pubchem::126941,7,300,-0.976667,0.05,0.0210583,,,,,0.95,0.05
pubchem::126941,7,300,-0.976667,0.05,0.0210583,,,,,0.95,0.05
pubchem::126941,2.51257e+06,300,8374.24,0.05,0.9025,,,,,0.95,0.05
pubchem::126941,1,300,-0.996667,0.05,0.00300833,,,,,0.95,0.05
pubchem::126941,1,300,-0.996667,0.05,0.00300833,,,,,0.95,0.05
pubchem::126941,0.01,300,-0.999967,0.05,3.00833e-05,,,,,0.95,0.05
pubchem::126941,450,300,0.5,0.05,0.9025,,,,,0.95,0.05
pubchem::126941,10,300,-0.966667,0.05,0.0300833,,,,,0.95,0.05
pubchem::126941,97,300,-0.676667,0.05,0.291808,,,,,0.95,0.05
pubchem::126941,20,300,-0.933333,0.05,0.0601667,,,,,0.95,0.05
pubchem::126941,9,300,-0.97,0.05,0.027075,,,,,0.95,0.05
pubchem::126941,100,300,-0.666667,0.05,0.300833,,,,,0.95,0.05
pubchem::126941,59,300,-0.803333,0.05,0.177492,,,,,0.95,0.05
pubchem::126941,290,300,-0.0333333,0.05,0.872417,,,,,0.95,0.05
pubchem::126941,,300,,0.05,,,167,1,,0.95,0.05
pubchem::126941,,300,,0.05,,,167,1,,0.95,0.05
pubchem::126941,,300,,0.05,,,167,1,,0.95,0.05
pubchem::126941,,300,,0.05,,,167,1,,0.95,0.05
pubchem::126941,290,300,-0.0333333,0.05,0.872417,,,,,0.95,0.05
pubchem::126941,10,300,-0.966667,0.05,0.0300833,,,,,0.95,0.05
pubchem::126941,,300,,0.05,,,167,1,,0.95,0.05
pubchem::126941,,300,,0.05,,,167,1,,0.95,0.05
pubchem::126941,,300,,0.05,,,167,1,,0.95,0.05
pubchem::126941,,300,,0.05,,,167,1,,0.95,0.05
pubchem::126941,1,300,-0.996667,0.05,0.00300833,,,,,0.95,0.05
pubchem::126941,79314,300,263.38,0.05,0.9025,,,,,0.95,0.05
pubchem::126941,501922,300,1672.07,0.05,0.9025,,,,,0.95,0.05
pubchem::126941,466,300,0.553333,0.05,0.9025,,,,,0.95,0.05
pubchem::13200033,6,300,-0.98,0.05,0.01805,,,,,0.95,0.05
pubchem::13342,6,300,-0.98,0.05,0.01805,,,,,0.95,0.05
pubchem::13342,4,300,-0.986667,0.05,0.0120333,,,,,0.95,0.05
pubchem::13342,7,300,-0.976667,0.05,0.0210583,,,,,0.95,0.05
pubchem::13342,2,300,-0.993333,0.05,0.00601667,,,,,0.95,0.05
pubchem::13342,507791,300,1691.64,0.05,0.9025,,,,,0.95,0.05
pubchem::13342,2,300,-0.993333,0.05,0.00601667,,,,,0.95,0.05
pubchem::13342,2006,300,5.68667,0.05,0.9025,,,,,0.95,0.05
pubchem::13342,2006,300,5.68667,0.05,0.9025,,,,,0.95,0.05
pubchem::13342,2006,300,5.68667,0.05,0.9025,,,,,0.95,0.05
pubchem::13342,262,300,-0.126667,0.05,0.788183,,,,,0.95,0.05
pubchem::13342,,300,,0.05,,,,,,0.95,0.05
pubchem::13342,49,300,-0.836667,0.05,0.147408,,,,,0.95,0.05
pubchem::13342,16,300,-0.946667,0.05,0.0481333,,,,,0.95,0.05
pubchem::13342,,300,,0.05,,,40,1,,0.95,0.05
pubchem::13342,50,300,-0.833333,0.05,0.150417,,,,,0.95,0.05
pubchem::13342,5,300,-0.983333,0.05,0.0150417,,,,,0.95,0.05
pubchem::13342,865,300,1.88333,0.05,0.9025,,,,,0.95,0.05
pubchem::13342,190,300,-0.366667,0.05,0.571583,,,,,0.95,0.05
pubchem::13342,2008,300,5.69333,0.05,0.9025,,,,,0.95,0.05
pubchem::13342,501922,300,1672.07,0.05,0.9025,,,,,0.95,0.05
pubchem::13342,1127,300,2.75667,0.05,0.9025,,,,,0.95,0.05
pubchem::148123,6,300,-0.98,0.05,0.01805,,,,,0.95,0.05
pubchem::148123,10,300,-0.966667,0.05,0.0300833,,,,,0.95,0.05
pubchem::148123,501922,300,1672.07,0.05,0.9025,,,,,0.95,0.05
pubchem::148123,1311,300,3.37,0.05,0.9025,,,,,0.95,0.05
pubchem::148124,6,300,-0.98,0.05,0.01805,,,,,0.95,0.05
pubchem::148124,1996,300,5.65333,0.05,0.9025,,,,,0.95,0.05
pubchem::148124,2,300,-0.993333,0.05,0.00601667,,,,,0.95,0.05
pubchem::148124,2.01651e+07,300,67216,0.05,0.9025,,,,,0.95,0.05
pubchem::148124,547852,300,1825.17,0.05,0.9025,,,,,0.95,0.05
pubchem::148124,,300,,0.05,,,20,0.999955,,0.95,0.05
pubchem::148124,80,300,-0.733333,0.05,0.240667,,,,,0.95,0.05
pubchem::148124,507791,300,1691.64,0.05,0.9025,,,,,0.95,0.05
pubchem::148124,20,300,-0.933333,0.05,0.0601667,,,,,0.95,0.05
pubchem::148124,20,300,-0.933333,0.05,0.0601667,,,,,0.95,0.05
pubchem::148124,450,300,0.5,0.05,0.9025,,,,,0.95,0.05
pubchem::148124,253738,300,844.793,0.05,0.9025,,,,,0.95,0.05
pubchem::148124,6526,300,20.7533,0.05,0.9025,,,,,0.95,0.05
pubchem::148124,10,300,-0.966667,0.05,0.0300833,,,,,0.95,0.05
pubchem::148124,1,300,-0.996667,0.05,0.00300833,,,,,0.95,0.05
pubchem::148124,450,300,0.5,0.05,0.9025,,,,,0.95,0.05
pubchem::148124,5,300,-0.983333,0.05,0.0150417,,,,,0.95,0.05
pubchem::148124,1,300,-0.996667,0.05,0.00300833,,,,,0.95,0.05
pubchem::148124,450,300,0.5,0.05,0.9025,,,,,0.95,0.05
pubchem::148124,1.5,300,-0.995,0.05,0.0045125,,,,,0.95,0.05
pubchem::148124,5.6,300,-0.981333,0.05,0.0168467,,,,,0.95,0.05
pubchem::148124,1,300,-0.996667,0.05,0.00300833,,,,,0.95,0.05
pubchem::148124,2015,300,5.71667,0.05,0.9025,,,,,0.95,0.05
pubchem::148124,20645,300,67.8167,0.05,0.9025,,,,,0.95,0.05
pubchem::148124,501922,300,1672.07,0.05,0.9025,,,,,0.95,0.05
pubchem::148124,1311,300,3.37,0.05,0.9025,,,,,0.95,0.05
pubchem::15597809,6,300,-0.98,0.05,0.01805,,,,,0.95,0.05
pubchem::156019401,6,300,-0.98,0.05,0.01805,,,,,0.95,0.05
pubchem::16051941,6,300,-0.98,0.05,0.01805,,,,,0.95,0.05
pubchem::163409092,6,300,-0.98,0.05,0.01805,,,,,0.95,0.05
pubchem::16750137,5923,300,18.7433,0.05,0.9025,,,,,0.95,0.05
pubchem::16750137,5923,300,18.7433,0.05,0.9025,,,,,0.95,0.05
pubchem::16750137,5923,300,18.7433,0.05,0.9025,,,,,0.95,0.05
pubchem::16750137,23511,300,77.37,0.05,0.9025,,,,,0.95,0.05
pubchem::168475950,6,300,-0.98,0.05,0.01805,,,,,0.95,0.05
pubchem::169494478,6,300,-0.98,0.05,0.01805,,,,,0.95,0.05
pubchem::171346274,6,300,-0.98,0.05,0.01805,,,,,0.95,0.05
pubchem::171713995,6,300,-0.98,0.05,0.01805,,,,,0.95,0.05
pubchem::184492,6,300,-0.98,0.05,0.01805,,,,,0.95,0.05
pubchem::184492,10,300,-0.966667,0.05,0.0300833,,,,,0.95,0.05
pubchem::184492,195,300,-0.35,0.05,0.586625,,,,,0.95,0.05
pubchem::20055492,6,300,-0.98,0.05,0.01805,,,,,0.95,0.05
pubchem::2082,2.02074e+07,300,67356.9,0.05,0.9025,,,,,0.95,0.05
pubchem::2082,547852,300,1825.17,0.05,0.9025,,,,,0.95,0.05
pubchem::2082,507791,300,1691.64,0.05,0.9025,,,,,0.95,0.05
pubchem::2082,5,300,-0.983333,0.05,0.0150417,,,,,0.95,0.05
pubchem::2082,8,300,-0.973333,0.05,0.0240667,,,,,0.95,0.05
pubchem::2082,200,300,-0.333333,0.05,0.601667,,,,,0.95,0.05
pubchem::2082,10,300,-0.966667,0.05,0.0300833,,,,,0.95,0.05
pubchem::2082,21,300,-0.93,0.05,0.063175,,,,,0.95,0.05
pubchem::2082,21,300,-0.93,0.05,0.063175,,,,,0.95,0.05
pubchem::2082,21,300,-0.93,0.05,0.063175,,,,,0.95,0.05
pubchem::2082,21,300,-0.93,0.05,0.063175,,,,,0.95,0.05
pubchem::2082,21,300,-0.93,0.05,0.063175,,,,,0.95,0.05
pubchem::2082,21,300,-0.93,0.05,0.063175,,,,,0.95,0.05
pubchem::2082,21,300,-0.93,0.05,0.063175,,,,,0.95,0.05
pubchem::2082,21,300,-0.93,0.05,0.063175,,,,,0.95,0.05
pubchem::2082,21,300,-0.93,0.05,0.063175,,,,,0.95,0.05
pubchem::2082,21,300,-0.93,0.05,0.063175,,,,,0.95,0.05
pubchem::2082,21,300,-0.93,0.05,0.063175,,,,,0.95,0.05
pubchem::2082,21,300,-0.93,0.05,0.063175,,,,,0.95,0.05
pubchem::2082,21,300,-0.93,0.05,0.063175,,,,,0.95,0.05
pubchem::2082,21,300,-0.93,0.05,0.063175,,,,,0.95,0.05
pubchem::2082,21,300,-0.93,0.05,0.063175,,,,,0.95,0.05
pubchem::2082,5,300,-0.983333,0.05,0.0150417,,,,,0.95,0.05
pubchem::2082,5,300,-0.983333,0.05,0.0150417,,,,,0.95,0.05
pubchem::2082,1807,300,5.02333,0.05,0.9025,,,,,0.95,0.05
pubchem::2082,1807,300,5.02333,0.05,0.9025,,,,,0.95,0.05
pubchem::2082,2.6,300,-0.991333,0.05,0.00782167,,,,,0.95,0.05
pubchem::2082,17324,300,56.7467,0.05,0.9025,,,,,0.95,0.05
pubchem::2082,501922,300,1672.07,0.05,0.9025,,,,,0.95,0.05
pubchem::2082,491,300,0.636667,0.05,0.9025,,,,,0.95,0.05
pubchem::21584522,6,300,-0.98,0.05,0.01805,,,,,0.95,0.05
pubchem::21864436,6,300,-0.98,0.05,0.01805,,,,,0.95,0.05
pubchem::220401,10,300,-0.966667,0.05,0.0300833,,,,,0.95,0.05
pubchem::220401,419,300,0.396667,0.05,0.9025,,,,,0.95,0.05
pubchem::23643564,,300,,0.05,,,10.3,0.994234,,0.95,0.05
pubchem::23643564,6,300,-0.98,0.05,0.01805,,,,,0.95,0.05
pubchem::23643564,,300,,0.05,,,10.3,0.994234,,0.95,0.05
pubchem::23643564,,300,,0.05,,,10.3,0.994234,,0.95,0.05
pubchem::23643564,,300,,0.05,,,10.3,0.994234,,0.95,0.05
pubchem::241902,6,300,-0.98,0.05,0.01805,,,,,0.95,0.05
pubchem::241903,6,300,-0.98,0.05,0.01805,,,,,0.95,0.05
pubchem::24721032,6,300,-0.98,0.05,0.01805,,,,,0.95,0.05
pubchem::24749353,6,300,-0.98,0.05,0.01805,,,,,0.95,0.05
pubchem::249332,6,300,-0.98,0.05,0.01805,,,,,0.95,0.05
pubchem::249332,4,300,-0.986667,0.05,0.0120333,,,,,0.95,0.05
pubchem::249332,10,300,-0.966667,0.05,0.0300833,,,,,0.95,0.05
pubchem::249332,4,300,-0.986667,0.05,0.0120333,,,,,0.95,0.05
pubchem::249332,,300,,0.05,,,21,0.999972,,0.95,0.05
pubchem::249332,501922,300,1672.07,0.05,0.9025,,,,,0.95,0.05
pubchem::249332,278,300,-0.0733333,0.05,0.836317,,,,,0.95,0.05
pubchem::28780,4,300,-0.986667,0.05,0.0120333,,,,,0.95,0.05
pubchem::28780,,300,,0.05,,,1995,1,,0.95,0.05
pubchem::28780,,300,,0.05,,,1995,1,,0.95,0.05
pubchem::28780,,300,,0.05,,,1995,1,,0.95,0.05
pubchem::28780,10,300,-0.966667,0.05,0.0300833,,,,,0.95,0.05
pubchem::28780,5,300,-0.983333,0.05,0.0150417,,,,,0.95,0.05
pubchem::28780,379129,300,1262.76,0.05,0.9025,,,,,0.95,0.05
pubchem::28780,1,300,-0.996667,0.05,0.00300833,,,,,0.95,0.05
pubchem::28780,1,300,-0.996667,0.05,0.00300833,,,,,0.95,0.05
pubchem::28780,1,300,-0.996667,0.05,0.00300833,,,,,0.95,0.05
pubchem::28780,1,300,-0.996667,0.05,0.00300833,,,,,0.95,0.05
pubchem::28780,180.1,300,-0.399667,0.05,0.541801,,,,,0.95,0.05
pubchem::28780,89,300,-0.703333,0.05,0.267742,,,,,0.95,0.05
pubchem::28780,89,300,-0.703333,0.05,0.267742,,,,,0.95,0.05
pubchem::28780,89,300,-0.703333,0.05,0.267742,,,,,0.95,0.05
pubchem::28780,1,300,-0.996667,0.05,0.00300833,,,,,0.95,0.05
pubchem::28780,180.1,300,-0.399667,0.05,0.541801,,,,,0.95,0.05
pubchem::28780,2004,300,5.68,0.05,0.9025,,,,,0.95,0.05
pubchem::28780,2004,300,5.68,0.05,0.9025,,,,,0.95,0.05
pubchem::28780,2008,300,5.69333,0.05,0.9025,,,,,0.95,0.05
pubchem::28780,2008,300,5.69333,0.05,0.9025,,,,,0.95,0.05
pubchem::28780,70,300,-0.766667,0.05,0.210583,,,,,0.95,0.05
pubchem::28780,15,300,-0.95,0.05,0.045125,,,,,0.95,0.05
pubchem::28780,7.2,300,-0.976,0.05,0.02166,,,,,0.95,0.05
pubchem::28780,7.2,300,-0.976,0.05,0.02166,,,,,0.95,0.05
pubchem::28780,7.2,300,-0.976,0.05,0.02166,,,,,0.95,0.05
pubchem::28780,7.2,300,-0.976,0.05,0.02166,,,,,0.95,0.05
pubchem::28780,832,300,1.77333,0.05,0.9025,,,,,0.95,0.05
pubchem::28780,1972,300,5.57333,0.05,0.9025,,,,,0.95,0.05
pubchem::28780,41,300,-0.863333,0.05,0.123342,,,,,0.95,0.05
pubchem::28780,832,300,1.77333,0.05,0.9025,,,,,0.95,0.05
pubchem::28780,832,300,1.77333,0.05,0.9025,,,,,0.95,0.05
pubchem::28780,1972,300,5.57333,0.05,0.9025,,,,,0.95,0.05
pubchem::28780,1972,300,5.57333,0.05,0.9025,,,,,0.95,0.05
pubchem::28780,41,300,-0.863333,0.05,0.123342,,,,,0.95,0.05
pubchem::28780,41,300,-0.863333,0.05,0.123342,,,,,0.95,0.05
pubchem::28780,0.1,300,-0.999667,0.05,0.000300833,,,,,0.95,0.05
pubchem::28780,0.1,300,-0.999667,0.05,0.000300833,,,,,0.95,0.05
pubchem::28780,1,300,-0.996667,0.05,0.00300833,,,,,0.95,0.05
pubchem::28780,,300,,0.05,,,124,1,,0.95,0.05
pubchem::28780,,300,,0.05,,,124,1,,0.95,0.05
pubchem::28780,2,300,-0.993333,0.05,0.00601667,,,,,0.95,0.05
pubchem::28780,,300,,0.05,,,,,294,0.95,0.05
pubchem::28780,,300,,0.05,,,124,1,,0.95,0.05
pubchem::28780,,300,,0.05,,,124,1,,0.95,0.05
pubchem::28780,1983,300,5.61,0.05,0.9025,,,,,0.95,0.05
pubchem::28780,3,300,-0.99,0.05,0.009025,,,,,0.95,0.05
pubchem::29393,,300,,0.05,,,7,0.970688,,0.95,0.05
pubchem::29393,,300,,0.05,,,7,0.970688,,0.95,0.05
pubchem::29393,,300,,0.05,,,7,0.970688,,0.95,0.05
pubchem::29393,,300,,0.05,,,5,0.924142,,0.95,0.05
pubchem::29393,,300,,0.05,,,5,0.924142,,0.95,0.05
pubchem::29393,,300,,0.05,,,5,0.924142,,0.95,0.05
pubchem::29393,,300,,0.05,,,7,0.970688,,0.95,0.05
pubchem::29393,,300,,0.05,,,7,0.970688,,0.95,0.05
pubchem::29393,,300,,0.05,,,7,0.970688,,0.95,0.05
pubchem::29393,31,300,-0.896667,0.05,0.0932583,,,,,0.95,0.05
pubchem::29393,,300,,0.05,,,5,0.924142,,0.95,0.05
pubchem::29393,,300,,0.05,,,5,0.924142,,0.95,0.05
pubchem::29393,,300,,0.05,,,5,0.924142,,0.95,0.05
pubchem::29393,,300,,0.05,,,27,0.999999,,0.95,0.05
pubchem::29393,,300,,0.05,,,27,0.999999,,0.95,0.05
pubchem::29393,,300,,0.05,,,27,0.999999,,0.95,0.05
pubchem::29393,,300,,0.05,,,7,0.970688,,0.95,0.05
pubchem::29393,,300,,0.05,,,7,0.970688,,0.95,0.05
pubchem::29393,,300,,0.05,,,7,0.970688,,0.95,0.05
pubchem::29393,,300,,0.05,,,5,0.924142,,0.95,0.05
pubchem::29393,,300,,0.05,,,5,0.924142,,0.95,0.05
pubchem::29393,,300,,0.05,,,5,0.924142,,0.95,0.05
pubchem::29393,,300,,0.05,,,7,0.970688,,0.95,0.05
pubchem::29393,,300,,0.05,,,7,0.970688,,0.95,0.05
pubchem::29393,,300,,0.05,,,7,0.970688,,0.95,0.05
pubchem::29393,,300,,0.05,,,7,0.970688,,0.95,0.05
pubchem::29393,,300,,0.05,,,7,0.970688,,0.95,0.05
pubchem::29393,,300,,0.05,,,7,0.970688,,0.95,0.05
pubchem::29393,10,300,-0.966667,0.05,0.0300833,,,,,0.95,0.05
pubchem::29393,,300,,0.05,,,50,1,,0.95,0.05
pubchem::29393,,300,,0.05,,,5,0.924142,,0.95,0.05
pubchem::29393,,300,,0.05,,,5,0.924142,,0.95,0.05
pubchem::29393,,300,,0.05,,,5,0.924142,,0.95,0.05
pubchem::29393,2024,300,5.74667,0.05,0.9025,,,,,0.95,0.05
pubchem::29393,,300,,0.05,,,5,0.924142,,0.95,0.05
pubchem::29393,,300,,0.05,,,5,0.924142,,0.95,0.05
pubchem::29393,,300,,0.05,,,5,0.924142,,0.95,0.05
pubchem::29393,,300,,0.05,,,5,0.924142,,0.95,0.05
pubchem::29393,,300,,0.05,,,5,0.924142,,0.95,0.05
pubchem::29393,,300,,0.05,,,5,0.924142,,0.95,0.05
pubchem::29393,,300,,0.05,,,3,0.817574,,0.95,0.05
pubchem::29393,180.1,300,-0.399667,0.05,0.541801,,,,,0.95,0.05
pubchem::29393,138,300,-0.54,0.05,0.41515,,,,,0.95,0.05
pubchem::29393,138,300,-0.54,0.05,0.41515,,,,,0.95,0.05
pubchem::29393,138,300,-0.54,0.05,0.41515,,,,,0.95,0.05
pubchem::29393,1,300,-0.996667,0.05,0.00300833,,6,0.952574,,0.95,0.05
pubchem::29393,,300,,0.05,,,3,0.817574,,0.95,0.05
pubchem::29393,180.1,300,-0.399667,0.05,0.541801,,,,,0.95,0.05
pubchem::29393,,300,,0.05,,,1,0.622459,,0.95,0.05
pubchem::29393,,300,,0.05,,,5,0.924142,,0.95,0.05
pubchem::29393,,300,,0.05,,,5,0.924142,,0.95,0.05
pubchem::29393,,300,,0.05,,,5,0.924142,,0.95,0.05
pubchem::29393,1,300,-0.996667,0.05,0.00300833,,6,0.952574,,0.95,0.05
pubchem::29393,7.2,300,-0.976,0.05,0.02166,,,,,0.95,0.05
pubchem::29393,0.1,300,-0.999667,0.05,0.000300833,,,,,0.95,0.05
pubchem::29393,0.1,300,-0.999667,0.05,0.000300833,,,,,0.95,0.05
pubchem::29393,1,300,-0.996667,0.05,0.00300833,,,,,0.95,0.05
pubchem::29393,,300,,0.05,,,9.75,0.992423,,0.95,0.05
pubchem::29393,,300,,0.05,,,1,0.622459,,0.95,0.05
pubchem::29393,,300,,0.05,,,7,0.970688,,0.95,0.05
pubchem::29393,19044,300,62.48,0.05,0.9025,,,,,0.95,0.05
pubchem::29393,,300,,0.05,,,7,0.970688,,0.95,0.05
pubchem::29393,19044,300,62.48,0.05,0.9025,,,,,0.95,0.05
pubchem::29393,,300,,0.05,,,7,0.970688,,0.95,0.05
pubchem::29393,19044,300,62.48,0.05,0.9025,,,,,0.95,0.05
pubchem::29393,,300,,0.05,,,7,0.970688,,0.95,0.05
pubchem::29393,19044,300,62.48,0.05,0.9025,,,,,0.95,0.05
pubchem::29393,14,300,-0.953333,0.05,0.0421167,,8,0.982014,,0.95,0.05
pubchem::29393,,300,,0.05,,,7,0.970688,,0.95,0.05
pubchem::29393,,300,,0.05,,,7,0.970688,,0.95,0.05
pubchem::29393,,300,,0.05,,,7,0.970688,,0.95,0.05
pubchem::29393,19044,300,62.48,0.05,0.9025,,,,,0.95,0.05
pubchem::29393,,300,,0.05,,,7,0.970688,,0.95,0.05
pubchem::29393,19044,300,62.48,0.05,0.9025,,,,,0.95,0.05
pubchem::29393,,300,,0.05,,,1,0.622459,,0.95,0.05
pubchem::29393,4,300,-0.986667,0.05,0.0120333,,2,0.731059,,0.95,0.05
pubchem::29393,19044,300,62.48,0.05,0.9025,,,,,0.95,0.05
pubchem::29393,19044,300,62.48,0.05,0.9025,,,,,0.95,0.05
pubchem::29393,,300,,0.05,,,23,0.99999,,0.95,0.05
pubchem::29393,19044,300,62.48,0.05,0.9025,,,,,0.95,0.05
pubchem::29393,19044,300,62.48,0.05,0.9025,,,,,0.95,0.05
pubchem::29393,19044,300,62.48,0.05,0.9025,,,,,0.95,0.05
pubchem::29393,19044,300,62.48,0.05,0.9025,,,,,0.95,0.05
pubchem::29393,14,300,-0.953333,0.05,0.0421167,,,,,0.95,0.05
pubchem::29393,,300,,0.05,,,7,0.970688,,0.95,0.05
pubchem::29393,,300,,0.05,,,7,0.970688,,0.95,0.05
pubchem::29393,,300,,0.05,,,1975,1,,0.95,0.05
pubchem::29393,,300,,0.05,,,1975,1,,0.95,0.05
pubchem::29393,,300,,0.05,,,4,0.880797,,0.95,0.05
pubchem::29393,19044,300,62.48,0.05,0.9025,,,,,0.95,0.05
pubchem::29393,19044,300,62.48,0.05,0.9025,,,,,0.95,0.05
pubchem::29393,19044,300,62.48,0.05,0.9025,,,,,0.95,0.05
pubchem::29393,,300,,0.05,,,1,0.622459,,0.95,0.05
pubchem::29393,3,300,-0.99,0.05,0.009025,,,,,0.95,0.05
pubchem::3143,6,300,-0.98,0.05,0.01805,,,,,0.95,0.05
pubchem::36314,6,300,-0.98,0.05,0.01805,,,,,0.95,0.05
pubchem::36314,6,300,-0.98,0.05,0.01805,,,,,0.95,0.05
pubchem::36314,547852,300,1825.17,0.05,0.9025,,,,,0.95,0.05
pubchem::36314,,300,,0.05,,,20,0.999955,,0.95,0.05
pubchem::36314,30,300,-0.9,0.05,0.09025,,,,,0.95,0.05
pubchem::36314,3,300,-0.99,0.05,0.009025,,,,,0.95,0.05
pubchem::36314,507791,300,1691.64,0.05,0.9025,,,,,0.95,0.05
pubchem::36314,195,300,-0.35,0.05,0.586625,,,,,0.95,0.05
pubchem::36314,24,300,-0.92,0.05,0.0722,,,,,0.95,0.05
pubchem::36314,24,300,-0.92,0.05,0.0722,,,,,0.95,0.05
pubchem::36314,3,300,-0.99,0.05,0.009025,,,,,0.95,0.05
pubchem::36314,3,300,-0.99,0.05,0.009025,,,,,0.95,0.05
pubchem::36314,30,300,-0.9,0.05,0.09025,,,,,0.95,0.05
pubchem::36314,135,300,-0.55,0.05,0.406125,,,,,0.95,0.05
pubchem::36314,30,300,-0.9,0.05,0.09025,,,,,0.95,0.05
pubchem::36314,24,300,-0.92,0.05,0.0722,,,,,0.95,0.05
pubchem::36314,10,300,-0.966667,0.05,0.0300833,,,,,0.95,0.05
pubchem::36314,13,300,-0.956667,0.05,0.0391083,,,,,0.95,0.05
pubchem::36314,0.34,300,-0.998867,0.05,0.00102283,,,,,0.95,0.05
pubchem::36314,2,300,-0.993333,0.05,0.00601667,,,,,0.95,0.05
pubchem::36314,,300,,0.05,,,35,1,,0.95,0.05
pubchem::36314,230,300,-0.233333,0.05,0.691917,,,,,0.95,0.05
pubchem::36314,230,300,-0.233333,0.05,0.691917,,,,,0.95,0.05
pubchem::36314,227,300,-0.243333,0.05,0.682892,,,,,0.95,0.05
pubchem::36314,254,300,-0.153333,0.05,0.764117,,,,,0.95,0.05
pubchem::36314,10,300,-0.966667,0.05,0.0300833,,,,,0.95,0.05
pubchem::36314,49,300,-0.836667,0.05,0.147408,,,,,0.95,0.05
pubchem::36314,195,300,-0.35,0.05,0.586625,,,,,0.95,0.05
pubchem::36314,24,300,-0.92,0.05,0.0722,,,,,0.95,0.05
pubchem::36314,25,300,-0.916667,0.05,0.0752083,,,,,0.95,0.05
pubchem::36314,1,300,-0.996667,0.05,0.00300833,,,,,0.95,0.05
pubchem::36314,26519,300,87.3967,0.05,0.9025,,,,,0.95,0.05
pubchem::36314,501922,300,1672.07,0.05,0.9025,,,,,0.95,0.05
pubchem::36314,1013,300,2.37667,0.05,0.9025,,,,,0.95,0.05
pubchem::3717450,6,300,-0.98,0.05,0.01805,,,,,0.95,0.05
pubchem::4030,3,300,-0.99,0.05,0.009025,,,,,0.95,0.05
pubchem::4030,547852,300,1825.17,0.05,0.9025,,,,,0.95,0.05
pubchem::4030,507791,300,1691.64,0.05,0.9025,,,,,0.95,0.05
pubchem::4030,100,300,-0.666667,0.05,0.300833,,,,,0.95,0.05
pubchem::4030,2,300,-0.993333,0.05,0.00601667,,,,,0.95,0.05
pubchem::4030,200,300,-0.333333,0.05,0.601667,,,,,0.95,0.05
pubchem::4030,1807,300,5.02333,0.05,0.9025,,,,,0.95,0.05
pubchem::4030,1807,300,5.02333,0.05,0.9025,,,,,0.95,0.05
pubchem::4030,1807,300,5.02333,0.05,0.9025,,,,,0.95,0.05
pubchem::4030,99,300,-0.67,0.05,0.297825,,,,,0.95,0.05
pubchem::4030,99,300,-0.67,0.05,0.297825,,,,,0.95,0.05
pubchem::4030,99,300,-0.67,0.05,0.297825,,,,,0.95,0.05
pubchem::4030,10,300,-0.966667,0.05,0.0300833,,,,,0.95,0.05
pubchem::4030,21,300,-0.93,0.05,0.063175,,,,,0.95,0.05
pubchem::4030,21,300,-0.93,0.05,0.063175,,,,,0.95,0.05
pubchem::4030,21,300,-0.93,0.05,0.063175,,,,,0.95,0.05
pubchem::4030,21,300,-0.93,0.05,0.063175,,,,,0.95,0.05
pubchem::4030,21,300,-0.93,0.05,0.063175,,,,,0.95,0.05
pubchem::4030,21,300,-0.93,0.05,0.063175,,,,,0.95,0.05
pubchem::4030,21,300,-0.93,0.05,0.063175,,,,,0.95,0.05
pubchem::4030,21,300,-0.93,0.05,0.063175,,,,,0.95,0.05
pubchem::4030,21,300,-0.93,0.05,0.063175,,,,,0.95,0.05
pubchem::4030,2,300,-0.993333,0.05,0.00601667,,,,,0.95,0.05
pubchem::4030,5,300,-0.983333,0.05,0.0150417,,,,,0.95,0.05
pubchem::4030,80,300,-0.733333,0.05,0.240667,,,,,0.95,0.05
pubchem::4030,1807,300,5.02333,0.05,0.9025,,,,,0.95,0.05
pubchem::4030,1807,300,5.02333,0.05,0.9025,,,,,0.95,0.05
pubchem::4030,2.6,300,-0.991333,0.05,0.00782167,,,,,0.95,0.05
pubchem::4030,5,300,-0.983333,0.05,0.0150417,,,,,0.95,0.05
pubchem::4030,24812,300,81.7067,0.05,0.9025,,,,,0.95,0.05
pubchem::4030,501922,300,1672.07,0.05,0.9025,,,,,0.95,0.05
pubchem::4030,465,300,0.55,0.05,0.9025,,,,,0.95,0.05
pubchem::40839,6,300,-0.98,0.05,0.01805,,,,,0.95,0.05
pubchem::40839,507791,300,1691.64,0.05,0.9025,,,,,0.95,0.05
pubchem::40839,30,300,-0.9,0.05,0.09025,,,,,0.95,0.05
pubchem::40839,0.55,300,-0.998167,0.05,0.00165458,,,,,0.95,0.05
pubchem::40839,0,300,-1,0.05,0,,,,,0.95,0.05
pubchem::40839,0,300,-1,0.05,0,,,,,0.95,0.05
pubchem::4122,10,300,-0.966667,0.05,0.0300833,,,,,0.95,0.05
pubchem::4122,75228,300,249.76,0.05,0.9025,,,,,0.95,0.05
pubchem::429016,6,300,-0.98,0.05,0.01805,,,,,0.95,0.05
pubchem::429017,6,300,-0.98,0.05,0.01805,,,,,0.95,0.05
pubchem::43116,6,300,-0.98,0.05,0.01805,,,,,0.95,0.05
pubchem::443593,10,300,-0.966667,0.05,0.0300833,,,,,0.95,0.05
pubchem::44408087,6,300,-0.98,0.05,0.01805,,,,,0.95,0.05
pubchem::44417235,6,300,-0.98,0.05,0.01805,,,,,0.95,0.05
pubchem::447865,4,300,-0.986667,0.05,0.0120333,,,,,0.95,0.05
pubchem::447865,2,300,-0.993333,0.05,0.00601667,,,,,0.95,0.05
pubchem::447865,2672,300,7.90667,0.05,0.9025,,,,,0.95,0.05
pubchem::447865,14651,300,47.8367,0.05,0.9025,,,,,0.95,0.05
pubchem::448013,,300,,0.05,,,14.1,0.999133,,0.95,0.05
pubchem::448013,,300,,0.05,,,14.1,0.999133,,0.95,0.05
pubchem::448013,,300,,0.05,,,14.1,0.999133,,0.95,0.05
pubchem::448013,,300,,0.05,,,14.1,0.999133,,0.95,0.05
pubchem::448013,,300,,0.05,,,14.1,0.999133,,0.95,0.05
pubchem::448013,,300,,0.05,,,14.1,0.999133,,0.95,0.05
pubchem::448013,,300,,0.05,,,14.1,0.999133,,0.95,0.05
pubchem::448013,,300,,0.05,,,14.1,0.999133,,0.95,0.05
pubchem::448013,,300,,0.05,,,14.1,0.999133,,0.95,0.05
pubchem::448013,,300,,0.05,,,14.1,0.999133,,0.95,0.05
pubchem::448013,,300,,0.05,,,14.1,0.999133,,0.95,0.05
pubchem::448013,,300,,0.05,,,1410,1,,0.95,0.05
pubchem::448013,,300,,0.05,,,1410,1,,0.95,0.05
pubchem::448013,,300,,0.05,,,14.1,0.999133,,0.95,0.05
pubchem::448013,,300,,0.05,,,14.1,0.999133,,0.95,0.05
pubchem::448013,,300,,0.05,,,14.1,0.999133,,0.95,0.05
pubchem::448013,,300,,0.05,,,14.1,0.999133,,0.95,0.05
pubchem::448013,,300,,0.05,,,14.1,0.999133,,0.95,0.05
pubchem::448013,10,300,-0.966667,0.05,0.0300833,,,,,0.95,0.05
pubchem::448013,,300,,0.05,,,14.1,0.999133,,0.95,0.05
pubchem::448013,,300,,0.05,,,14.1,0.999133,,0.95,0.05
pubchem::448013,,300,,0.05,,,14.1,0.999133,,0.95,0.05
pubchem::448013,1623,300,4.41,0.05,0.9025,,,,,0.95,0.05
pubchem::448013,,300,,0.05,,,14.1,0.999133,,0.95,0.05
pubchem::448013,6085,300,19.2833,0.05,0.9025,,,,,0.95,0.05
pubchem::448799,68,300,-0.773333,0.05,0.204567,,,,,0.95,0.05
pubchem::448799,68,300,-0.773333,0.05,0.204567,,,,,0.95,0.05
pubchem::448799,,300,,0.05,,,14.1,0.999133,,0.95,0.05
pubchem::448799,,300,,0.05,,,14.1,0.999133,,0.95,0.05
pubchem::448799,,300,,0.05,,,14.1,0.999133,,0.95,0.05
pubchem::448799,,300,,0.05,,,14.1,0.999133,,0.95,0.05
pubchem::448799,,300,,0.05,,,14,0.999089,,0.95,0.05
pubchem::448799,,300,,0.05,,,14.1,0.999133,,0.95,0.05
pubchem::448799,,300,,0.05,,,14.1,0.999133,,0.95,0.05
pubchem::448799,,300,,0.05,,,14.1,0.999133,,0.95,0.05
pubchem::448799,,300,,0.05,,,14.1,0.999133,,0.95,0.05
pubchem::448799,,300,,0.05,,,14.1,0.999133,,0.95,0.05
pubchem::448799,,300,,0.05,,,14.1,0.999133,,0.95,0.05
pubchem::448799,,300,,0.05,,,14.1,0.999133,,0.95,0.05
pubchem::448799,,300,,0.05,,,14.1,0.999133,,0.95,0.05
pubchem::448799,,300,,0.05,,,14.1,0.999133,,0.95,0.05
pubchem::448799,,300,,0.05,,,14.1,0.999133,,0.95,0.05
pubchem::448799,,300,,0.05,,,14.1,0.999133,,0.95,0.05
pubchem::448799,68,300,-0.773333,0.05,0.204567,,,,,0.95,0.05
pubchem::448799,68,300,-0.773333,0.05,0.204567,,,,,0.95,0.05
pubchem::448799,68,300,-0.773333,0.05,0.204567,,,,,0.95,0.05
pubchem::448799,68,300,-0.773333,0.05,0.204567,,,,,0.95,0.05
pubchem::448799,,300,,0.05,,,14.1,0.999133,,0.95,0.05
pubchem::448799,68,300,-0.773333,0.05,0.204567,,,,,0.95,0.05
pubchem::448799,68,300,-0.773333,0.05,0.204567,,,,,0.95,0.05
pubchem::448799,68,300,-0.773333,0.05,0.204567,,,,,0.95,0.05
pubchem::448799,68,300,-0.773333,0.05,0.204567,,,,,0.95,0.05
pubchem::448799,68,300,-0.773333,0.05,0.204567,,,,,0.95,0.05
pubchem::448799,68,300,-0.773333,0.05,0.204567,,,,,0.95,0.05
pubchem::448799,,300,,0.05,,,14.1,0.999133,,0.95,0.05
pubchem::448799,9778,300,31.5933,0.05,0.9025,,,,,0.95,0.05
pubchem::45055483,6,300,-0.98,0.05,0.01805,,,,,0.95,0.05
pubchem::45073403,6,300,-0.98,0.05,0.01805,,,,,0.95,0.05
pubchem::45356262,6,300,-0.98,0.05,0.01805,,,,,0.95,0.05
pubchem::45358014,6,300,-0.98,0.05,0.01805,,,,,0.95,0.05
pubchem::46926355,6,300,-0.98,0.05,0.01805,,,,,0.95,0.05
pubchem::5281828,626,300,1.08667,0.05,0.9025,,,,,0.95,0.05
pubchem::5311497,6,300,-0.98,0.05,0.01805,,,,,0.95,0.05
pubchem::5311497,4.3,300,-0.985667,0.05,0.0129358,,,,,0.95,0.05
pubchem::5311497,1,300,-0.996667,0.05,0.00300833,,,,,0.95,0.05
pubchem::5311497,3,300,-0.99,0.05,0.009025,,,,,0.95,0.05
pubchem::5311497,507791,300,1691.64,0.05,0.9025,,,,,0.95,0.05
pubchem::5311497,2,300,-0.993333,0.05,0.00601667,,,,,0.95,0.05
pubchem::5311497,20,300,-0.933333,0.05,0.0601667,,,,,0.95,0.05
pubchem::5311497,30,300,-0.9,0.05,0.09025,,,,,0.95,0.05
pubchem::5311497,234,300,-0.22,0.05,0.70395,,,,,0.95,0.05
pubchem::5311497,46,300,-0.846667,0.05,0.138383,,,,,0.95,0.05
pubchem::5311497,1.63,300,-0.994567,0.05,0.00490358,,,,,0.95,0.05
pubchem::5311497,15,300,-0.95,0.05,0.045125,,,,,0.95,0.05
pubchem::5311497,27.7,300,-0.907667,0.05,0.0833308,,,,,0.95,0.05
pubchem::5311497,50,300,-0.833333,0.05,0.150417,,,,,0.95,0.05
pubchem::5311497,50,300,-0.833333,0.05,0.150417,,,,,0.95,0.05
pubchem::5311497,2006,300,5.68667,0.05,0.9025,,,,,0.95,0.05
pubchem::5311497,2006,300,5.68667,0.05,0.9025,,,,,0.95,0.05
pubchem::5311497,2006,300,5.68667,0.05,0.9025,,,,,0.95,0.05
pubchem::5311497,80,300,-0.733333,0.05,0.240667,,,,,0.95,0.05
pubchem::5311497,,300,,0.05,,,,,,0.95,0.05
pubchem::5311497,,300,,0.05,,,,,,0.95,0.05
pubchem::5311497,49,300,-0.836667,0.05,0.147408,,,,,0.95,0.05
pubchem::5311497,,300,,0.05,,,40,1,,0.95,0.05
pubchem::5311497,5,300,-0.983333,0.05,0.0150417,,,,,0.95,0.05
pubchem::5311497,13,300,-0.956667,0.05,0.0391083,,,,,0.95,0.05
pubchem::5311497,501922,300,1672.07,0.05,0.9025,,,,,0.95,0.05
pubchem::5311497,1125,300,2.75,0.05,0.9025,,,,,0.95,0.05
pubchem::53379371,2,300,-0.993333,0.05,0.00601667,,,,,0.95,0.05
pubchem::5344,,300,,0.05,,,1,0.622459,,0.95,0.05
pubchem::5344,,300,,0.05,,,1995,1,,0.95,0.05
pubchem::5344,,300,,0.05,,,1995,1,,0.95,0.05
pubchem::5344,,300,,0.05,,,1995,1,,0.95,0.05
pubchem::5344,60,300,-0.8,0.05,0.1805,,,,,0.95,0.05
pubchem::5344,0,300,-1,0.05,0,,,,,0.95,0.05
pubchem::5344,77259,300,256.53,0.05,0.9025,,,,,0.95,0.05
pubchem::5344,507791,300,1691.64,0.05,0.9025,,,,,0.95,0.05
pubchem::5344,97,300,-0.676667,0.05,0.291808,,,,,0.95,0.05
pubchem::5344,85,300,-0.716667,0.05,0.255708,,,,,0.95,0.05
pubchem::5344,2,300,-0.993333,0.05,0.00601667,,,,,0.95,0.05
pubchem::5344,122,300,-0.593333,0.05,0.367017,,,,,0.95,0.05
pubchem::5344,4,300,-0.986667,0.05,0.0120333,,,,,0.95,0.05
pubchem::5344,63,300,-0.79,0.05,0.189525,,,,,0.95,0.05
pubchem::5344,10,300,-0.966667,0.05,0.0300833,,,,,0.95,0.05
pubchem::5344,10,300,-0.966667,0.05,0.0300833,,,,,0.95,0.05
pubchem::5344,30,300,-0.9,0.05,0.09025,,,,,0.95,0.05
pubchem::5344,30,300,-0.9,0.05,0.09025,,,,,0.95,0.05
pubchem::5344,30,300,-0.9,0.05,0.09025,,,,,0.95,0.05
pubchem::5344,3.1,300,-0.989667,0.05,0.00932583,,,,,0.95,0.05
pubchem::5344,127,300,-0.576667,0.05,0.382058,,,,,0.95,0.05
pubchem::5344,100,300,-0.666667,0.05,0.300833,,,,,0.95,0.05
pubchem::5344,100,300,-0.666667,0.05,0.300833,,,,,0.95,0.05
pubchem::5344,100,300,-0.666667,0.05,0.300833,,,,,0.95,0.05
pubchem::5344,100,300,-0.666667,0.05,0.300833,,,,,0.95,0.05
pubchem::5344,,300,,0.05,,,86,1,,0.95,0.05
pubchem::5344,,300,,0.05,,,86,1,,0.95,0.05
pubchem::5344,5,300,-0.983333,0.05,0.0150417,,,,,0.95,0.05
pubchem::5344,,300,,0.05,,,1,0.622459,,0.95,0.05
pubchem::5344,5,300,-0.983333,0.05,0.0150417,,,,,0.95,0.05
pubchem::5344,,300,,0.05,,,1.01,0.623634,,0.95,0.05
pubchem::5344,,300,,0.05,,,1.01,0.623634,,0.95,0.05
pubchem::5344,0.034,300,-0.999887,0.05,0.000102283,,,,,0.95,0.05
pubchem::5344,48,300,-0.84,0.05,0.1444,,,,,0.95,0.05
pubchem::5344,501922,300,1672.07,0.05,0.9025,,,,,0.95,0.05
pubchem::5344,416,300,0.386667,0.05,0.9025,,,,,0.95,0.05
pubchem::5353431,10,300,-0.966667,0.05,0.0300833,,,,,0.95,0.05
pubchem::5353889,,300,,0.05,,,10.3,0.994234,,0.95,0.05
pubchem::5353889,6,300,-0.98,0.05,0.01805,,,,,0.95,0.05
pubchem::5353889,,300,,0.05,,,10.3,0.994234,,0.95,0.05
pubchem::5353889,,300,,0.05,,,10.3,0.994234,,0.95,0.05
pubchem::5365290,6,300,-0.98,0.05,0.01805,,,,,0.95,0.05
pubchem::5388983,6,300,-0.98,0.05,0.01805,,,,,0.95,0.05
pubchem::5388983,0,300,-1,0.05,0,,,,,0.95,0.05
pubchem::5388983,10,300,-0.966667,0.05,0.0300833,,,,,0.95,0.05
pubchem::5388983,,300,,0.05,,,40,1,,0.95,0.05
pubchem::5388983,0,300,-1,0.05,0,,,,,0.95,0.05
pubchem::5388983,501922,300,1672.07,0.05,0.9025,,,,,0.95,0.05
pubchem::5388983,1127,300,2.75667,0.05,0.9025,,,,,0.95,0.05
pubchem::5388992,6,300,-0.98,0.05,0.01805,,,,,0.95,0.05
pubchem::5388993,6,300,-0.98,0.05,0.01805,,,,,0.95,0.05
pubchem::5468287,6,300,-0.98,0.05,0.01805,,,,,0.95,0.05
pubchem::547450,6,300,-0.98,0.05,0.01805,,,,,0.95,0.05
pubchem::5488895,6,300,-0.98,0.05,0.01805,,,,,0.95,0.05
pubchem::5569,,300,,0.05,,,14,0.999089,,0.95,0.05
pubchem::5569,,300,,0.05,,,7,0.970688,,0.95,0.05
pubchem::5569,,300,,0.05,,,7,0.970688,,0.95,0.05
pubchem::5569,,300,,0.05,,,7,0.970688,,0.95,0.05
pubchem::5569,,300,,0.05,,,7,0.970688,,0.95,0.05
pubchem::5569,,300,,0.05,,,7,0.970688,,0.95,0.05
pubchem::5569,,300,,0.05,,,7,0.970688,,0.95,0.05
pubchem::5569,,300,,0.05,,,7,0.970688,,0.95,0.05
pubchem::5569,,300,,0.05,,,7,0.970688,,0.95,0.05
pubchem::5569,,300,,0.05,,,7,0.970688,,0.95,0.05
pubchem::5569,4,300,-0.986667,0.05,0.0120333,,,,,0.95,0.05
pubchem::5569,,300,,0.05,,,1995,1,,0.95,0.05
pubchem::5569,,300,,0.05,,,1995,1,,0.95,0.05
pubchem::5569,,300,,0.05,,,1995,1,,0.95,0.05
pubchem::5569,,300,,0.05,,,4,0.880797,,0.95,0.05
pubchem::5569,,300,,0.05,,,4,0.880797,,0.95,0.05
pubchem::5569,,300,,0.05,,,4,0.880797,,0.95,0.05
pubchem::5569,,300,,0.05,,,7,0.970688,,0.95,0.05
pubchem::5569,,300,,0.05,,,7,0.970688,,0.95,0.05
pubchem::5569,,300,,0.05,,,7,0.970688,,0.95,0.05
pubchem::5569,100,300,-0.666667,0.05,0.300833,,,,,0.95,0.05
pubchem::5569,,300,,0.05,,,1982,1,,0.95,0.05
pubchem::5569,12,300,-0.96,0.05,0.0361,,,,,0.95,0.05
pubchem::5569,,300,,0.05,,,15,0.999447,,0.95,0.05
pubchem::5569,,300,,0.05,,,15,0.999447,,0.95,0.05
pubchem::5569,,300,,0.05,,,15,0.999447,,0.95,0.05
pubchem::5569,4,300,-0.986667,0.05,0.0120333,,,,,0.95,0.05
pubchem::5569,114,300,-0.62,0.05,0.34295,,,,,0.95,0.05
pubchem::5569,,300,,0.05,,,52,1,,0.95,0.05
pubchem::5569,10,300,-0.966667,0.05,0.0300833,,,,,0.95,0.05
pubchem::5569,40,300,-0.866667,0.05,0.120333,,,,,0.95,0.05
pubchem::5569,379129,300,1262.76,0.05,0.9025,,,,,0.95,0.05
pubchem::5569,20,300,-0.933333,0.05,0.0601667,,,,,0.95,0.05
pubchem::5569,20,300,-0.933333,0.05,0.0601667,,,,,0.95,0.05
pubchem::5569,20,300,-0.933333,0.05,0.0601667,,,,,0.95,0.05
pubchem::5569,20,300,-0.933333,0.05,0.0601667,,,,,0.95,0.05
pubchem::5569,20,300,-0.933333,0.05,0.0601667,,,,,0.95,0.05
pubchem::5569,20,300,-0.933333,0.05,0.0601667,,,,,0.95,0.05
pubchem::5569,20,300,-0.933333,0.05,0.0601667,,,,,0.95,0.05
pubchem::5569,20,300,-0.933333,0.05,0.0601667,,,,,0.95,0.05
pubchem::5569,20,300,-0.933333,0.05,0.0601667,,,,,0.95,0.05
pubchem::5569,63,300,-0.79,0.05,0.189525,,,,,0.95,0.05
pubchem::5569,63,300,-0.79,0.05,0.189525,,,,,0.95,0.05
pubchem::5569,63,300,-0.79,0.05,0.189525,,,,,0.95,0.05
pubchem::5569,1998,300,5.66,0.05,0.9025,,,,,0.95,0.05
pubchem::5569,1998,300,5.66,0.05,0.9025,,,,,0.95,0.05
pubchem::5569,1998,300,5.66,0.05,0.9025,,,,,0.95,0.05
pubchem::5569,1,300,-0.996667,0.05,0.00300833,,4,0.880797,,0.95,0.05
pubchem::5569,738,300,1.46,0.05,0.9025,,,,,0.95,0.05
pubchem::5569,,300,,0.05,,,1,0.622459,,0.95,0.05
pubchem::5569,12,300,-0.96,0.05,0.0361,,,,,0.95,0.05
pubchem::5569,1.76,300,-0.994133,0.05,0.00529467,,50,1,,0.95,0.05
pubchem::5569,12.5,300,-0.958333,0.05,0.0376042,,,,,0.95,0.05
pubchem::5569,1,300,-0.996667,0.05,0.00300833,,,,,0.95,0.05
pubchem::5569,6,300,-0.98,0.05,0.01805,,,,,0.95,0.05
pubchem::5569,1582,300,4.27333,0.05,0.9025,,,,,0.95,0.05
pubchem::5569,8,300,-0.973333,0.05,0.0240667,,,,,0.95,0.05
pubchem::5569,84,300,-0.72,0.05,0.2527,,,,,0.95,0.05
pubchem::5569,70,300,-0.766667,0.05,0.210583,,,,,0.95,0.05
pubchem::5569,84,300,-0.72,0.05,0.2527,,,,,0.95,0.05
pubchem::5569,84,300,-0.72,0.05,0.2527,,,,,0.95,0.05
pubchem::5569,70,300,-0.766667,0.05,0.210583,,,,,0.95,0.05
pubchem::5569,70,300,-0.766667,0.05,0.210583,,,,,0.95,0.05
pubchem::5569,100,300,-0.666667,0.05,0.300833,,10,0.993307,,0.95,0.05
pubchem::5569,,300,,0.05,,,1982,1,,0.95,0.05
pubchem::5569,0.1,300,-0.999667,0.05,0.000300833,,,,,0.95,0.05
pubchem::5569,0.1,300,-0.999667,0.05,0.000300833,,,,,0.95,0.05
pubchem::5569,1,300,-0.996667,0.05,0.00300833,,,,,0.95,0.05
pubchem::5569,,300,,0.05,,,4.58,0.908045,,0.95,0.05
pubchem::5569,,300,,0.05,,,1,0.622459,,0.95,0.05
pubchem::5569,,300,,0.05,,,7,0.970688,,0.95,0.05
pubchem::5569,1582,300,4.27333,0.05,0.9025,,,,,0.95,0.05
pubchem::5569,,300,,0.05,,,7,0.970688,,0.95,0.05
pubchem::5569,1582,300,4.27333,0.05,0.9025,,,,,0.95,0.05
pubchem::5569,,300,,0.05,,,16,0.999665,,0.95,0.05
pubchem::5569,16,300,-0.946667,0.05,0.0481333,,,,,0.95,0.05
pubchem::5569,2669,300,7.89667,0.05,0.9025,,,,,0.95,0.05
pubchem::5569,1,300,-0.996667,0.05,0.00300833,,,,,0.95,0.05
pubchem::5569,,300,,0.05,,,7,0.970688,,0.95,0.05
pubchem::5569,1582,300,4.27333,0.05,0.9025,,,,,0.95,0.05
pubchem::5569,,300,,0.05,,,6,0.952574,,0.95,0.05
pubchem::5569,,300,,0.05,,,7,0.970688,,0.95,0.05
pubchem::5569,1582,300,4.27333,0.05,0.9025,,,,,0.95,0.05
pubchem::5569,,300,,0.05,,,6,0.952574,,0.95,0.05
pubchem::5569,17,300,-0.943333,0.05,0.0511417,,,,,0.95,0.05
pubchem::5569,,300,,0.05,,,2,0.731059,,0.95,0.05
pubchem::5569,,300,,0.05,,,2,0.731059,,0.95,0.05
pubchem::5569,1582,300,4.27333,0.05,0.9025,,,,,0.95,0.05
pubchem::5569,1582,300,4.27333,0.05,0.9025,,,,,0.95,0.05
pubchem::5569,2.8,300,-0.990667,0.05,0.00842333,,1,0.622459,,0.95,0.05
pubchem::5569,100,300,-0.666667,0.05,0.300833,,100,1,,0.95,0.05
pubchem::5569,1582,300,4.27333,0.05,0.9025,,,,,0.95,0.05
pubchem::5569,1582,300,4.27333,0.05,0.9025,,,,,0.95,0.05
pubchem::5569,5.4,300,-0.982,0.05,0.016245,,1,0.622459,,0.95,0.05
pubchem::5569,,300,,0.05,,,2,0.731059,,0.95,0.05
pubchem::5569,,300,,0.05,,,6,0.952574,,0.95,0.05
pubchem::5569,,300,,0.05,,,2,0.731059,,0.95,0.05
pubchem::5569,,300,,0.05,,,6,0.952574,,0.95,0.05
pubchem::5569,5,300,-0.983333,0.05,0.0150417,,,,,0.95,0.05
pubchem::5569,1582,300,4.27333,0.05,0.9025,,,,,0.95,0.05
pubchem::5569,1582,300,4.27333,0.05,0.9025,,,,,0.95,0.05
pubchem::5569,5421,300,17.07,0.05,0.9025,,,,,0.95,0.05
pubchem::5569,,300,,0.05,,,7,0.970688,,0.95,0.05
pubchem::5569,,300,,0.05,,,7,0.970688,,0.95,0.05
pubchem::5569,0.42,300,-0.9986,0.05,0.0012635,,,,,0.95,0.05
pubchem::5569,41,300,-0.863333,0.05,0.123342,,,,,0.95,0.05
pubchem::5569,19,300,-0.936667,0.05,0.0571583,,,,,0.95,0.05
pubchem::5569,1984,300,5.61333,0.05,0.9025,,,,,0.95,0.05
pubchem::5569,6,300,-0.98,0.05,0.01805,,,,,0.95,0.05
pubchem::5569,1984,300,5.61333,0.05,0.9025,,,,,0.95,0.05
pubchem::5569,0.16,300,-0.999467,0.05,0.000481333,,,,,0.95,0.05
pubchem::5569,0.01,300,-0.999967,0.05,3.00833e-05,,,,,0.95,0.05
pubchem::5569,1.3,300,-0.995667,0.05,0.00391083,,,,,0.95,0.05
pubchem::5569,0.15,300,-0.9995,0.05,0.00045125,,,,,0.95,0.05
pubchem::5569,10.2,300,-0.966,0.05,0.030685,,,,,0.95,0.05
pubchem::5569,0.1,300,-0.999667,0.05,0.000300833,,,,,0.95,0.05
pubchem::5569,0.15,300,-0.9995,0.05,0.00045125,,,,,0.95,0.05
pubchem::5569,24.6,300,-0.918,0.05,0.074005,,,,,0.95,0.05
pubchem::5569,48,300,-0.84,0.05,0.1444,,,,,0.95,0.05
pubchem::5569,,300,,0.05,,,1,0.622459,,0.95,0.05
pubchem::5569,,300,,0.05,,,4,0.880797,,0.95,0.05
pubchem::5569,,300,,0.05,,,4,0.880797,,0.95,0.05
pubchem::5569,,300,,0.05,,,4,0.880797,,0.95,0.05
pubchem::5569,1982,300,5.60667,0.05,0.9025,,1982,1,,0.95,0.05
pubchem::5569,3,300,-0.99,0.05,0.009025,,,,,0.95,0.05
pubchem::5672,6,300,-0.98,0.05,0.01805,,,,,0.95,0.05
pubchem::5915307,6,300,-0.98,0.05,0.01805,,,,,0.95,0.05
pubchem::5978,6,300,-0.98,0.05,0.01805,,,,,0.95,0.05
pubchem::5978,4,300,-0.986667,0.05,0.0120333,,,,,0.95,0.05
pubchem::5978,4,300,-0.986667,0.05,0.0120333,,,,,0.95,0.05
pubchem::5978,,300,,0.05,,,1995,1,,0.95,0.05
pubchem::5978,,300,,0.05,,,1995,1,,0.95,0.05
pubchem::5978,,300,,0.05,,,1995,1,,0.95,0.05
pubchem::5978,5,300,-0.983333,0.05,0.0150417,,5,0.924142,,0.95,0.05
pubchem::5978,507791,300,1691.64,0.05,0.9025,,,,,0.95,0.05
pubchem::5978,0.19,300,-0.999367,0.05,0.000571583,,,,,0.95,0.05
pubchem::5978,2,300,-0.993333,0.05,0.00601667,,,,,0.95,0.05
pubchem::5978,3,300,-0.99,0.05,0.009025,,,,,0.95,0.05
pubchem::5978,3,300,-0.99,0.05,0.009025,,,,,0.95,0.05
pubchem::5978,19,300,-0.936667,0.05,0.0571583,,,,,0.95,0.05
pubchem::5978,4,300,-0.986667,0.05,0.0120333,,,,,0.95,0.05
pubchem::5978,2006,300,5.68667,0.05,0.9025,,,,,0.95,0.05
pubchem::5978,2006,300,5.68667,0.05,0.9025,,,,,0.95,0.05
pubchem::5978,2006,300,5.68667,0.05,0.9025,,,,,0.95,0.05
pubchem::5978,297,300,-0.01,0.05,0.893475,,,,,0.95,0.05
pubchem::5978,49,300,-0.836667,0.05,0.147408,,,,,0.95,0.05
pubchem::5978,4,300,-0.986667,0.05,0.0120333,,,,,0.95,0.05
pubchem::5978,,300,,0.05,,,21,0.999972,,0.95,0.05
pubchem::5978,3,300,-0.99,0.05,0.009025,,,,,0.95,0.05
pubchem::5978,3,300,-0.99,0.05,0.009025,,,,,0.95,0.05
pubchem::5978,1,300,-0.996667,0.05,0.00300833,,,,,0.95,0.05
pubchem::5978,3639,300,11.13,0.05,0.9025,,,,,0.95,0.05
pubchem::5978,5,300,-0.983333,0.05,0.0150417,,,,,0.95,0.05
pubchem::5978,3,300,-0.99,0.05,0.009025,,,,,0.95,0.05
pubchem::5978,44,300,-0.853333,0.05,0.132367,,,,,0.95,0.05
pubchem::5978,57,300,-0.81,0.05,0.171475,,,,,0.95,0.05
pubchem::5978,2006,300,5.68667,0.05,0.9025,,,,,0.95,0.05
pubchem::5978,2006,300,5.68667,0.05,0.9025,,,,,0.95,0.05
pubchem::5978,2006,300,5.68667,0.05,0.9025,,,,,0.95,0.05
pubchem::5978,31164,300,102.88,0.05,0.9025,,,,,0.95,0.05
pubchem::5978,501922,300,1672.07,0.05,0.9025,,,,,0.95,0.05
pubchem::5978,278,300,-0.0733333,0.05,0.836317,,,,,0.95,0.05
pubchem::6167,,300,,0.05,,,1995,1,,0.95,0.05
pubchem::6167,,300,,0.05,,,1995,1,,0.95,0.05
pubchem::6167,,300,,0.05,,,1995,1,,0.95,0.05
pubchem::6167,0.9,300,-0.997,0.05,0.0027075,,,,,0.95,0.05
pubchem::6167,0,300,-1,0.05,0,,,,,0.95,0.05
pubchem::6167,547852,300,1825.17,0.05,0.9025,,,,,0.95,0.05
pubchem::6167,3,300,-0.99,0.05,0.009025,,,,,0.95,0.05
pubchem::6167,1.44,300,-0.9952,0.05,0.004332,,,,,0.95,0.05
pubchem::6167,8,300,-0.973333,0.05,0.0240667,,,,,0.95,0.05
pubchem::6167,507791,300,1691.64,0.05,0.9025,,,,,0.95,0.05
pubchem::6167,45,300,-0.85,0.05,0.135375,,,,,0.95,0.05
pubchem::6167,0.5,300,-0.998333,0.05,0.00150417,,,,,0.95,0.05
pubchem::6167,1,300,-0.996667,0.05,0.00300833,,,,,0.95,0.05
pubchem::6167,0.5,300,-0.998333,0.05,0.00150417,,,,,0.95,0.05
pubchem::6167,10,300,-0.966667,0.05,0.0300833,,,,,0.95,0.05
pubchem::6167,5,300,-0.983333,0.05,0.0150417,,,,,0.95,0.05
pubchem::6167,2008,300,5.69333,0.05,0.9025,,,,,0.95,0.05
pubchem::6167,40,300,-0.866667,0.05,0.120333,,,,,0.95,0.05
pubchem::6167,3,300,-0.99,0.05,0.009025,,,,,0.95,0.05
pubchem::6167,100,300,-0.666667,0.05,0.300833,,3.3,0.838891,,0.95,0.05
pubchem::6167,,300,,0.05,,,5,0.924142,,0.95,0.05
pubchem::6167,7,300,-0.976667,0.05,0.0210583,,,,,0.95,0.05
pubchem::6167,,300,,0.05,,,,,230,0.95,0.05
pubchem::6167,,300,,0.05,,,,,243,0.95,0.05
pubchem::6167,254,300,-0.153333,0.05,0.764117,,,,,0.95,0.05
pubchem::6167,10,300,-0.966667,0.05,0.0300833,,,,,0.95,0.05
pubchem::6167,4370,300,13.5667,0.05,0.9025,,,,,0.95,0.05
pubchem::6167,,300,,0.05,,,9,0.989013,,0.95,0.05
pubchem::6167,1,300,-0.996667,0.05,0.00300833,,,,,0.95,0.05
pubchem::6167,1277,300,3.25667,0.05,0.9025,,,,,0.95,0.05
pubchem::6167,1277,300,3.25667,0.05,0.9025,,,,,0.95,0.05
pubchem::6167,10,300,-0.966667,0.05,0.0300833,,,,,0.95,0.05
pubchem::6167,10,300,-0.966667,0.05,0.0300833,,,,,0.95,0.05
pubchem::6167,10,300,-0.966667,0.05,0.0300833,,,,,0.95,0.05
pubchem::6167,2,300,-0.993333,0.05,0.00601667,,,,,0.95,0.05
pubchem::6167,9.1,300,-0.969667,0.05,0.0273758,,,,,0.95,0.05
pubchem::6167,3,300,-0.99,0.05,0.009025,,,,,0.95,0.05
pubchem::6167,4,300,-0.986667,0.05,0.0120333,,,,,0.95,0.05
pubchem::6167,3,300,-0.99,0.05,0.009025,,,,,0.95,0.05
pubchem::6167,8,300,-0.973333,0.05,0.0240667,,,,,0.95,0.05
pubchem::6167,10,300,-0.966667,0.05,0.0300833,,,,,0.95,0.05
pubchem::6167,2,300,-0.993333,0.05,0.00601667,,,,,0.95,0.05
pubchem::6167,30,300,-0.9,0.05,0.09025,,,,,0.95,0.05
pubchem::6167,6,300,-0.98,0.05,0.01805,,,,,0.95,0.05
pubchem::6167,41,300,-0.863333,0.05,0.123342,,,,,0.95,0.05
pubchem::6167,832,300,1.77333,0.05,0.9025,,,,,0.95,0.05
pubchem::6167,76,300,-0.746667,0.05,0.228633,,,,,0.95,0.05
pubchem::6167,41,300,-0.863333,0.05,0.123342,,,,,0.95,0.05
pubchem::6167,41,300,-0.863333,0.05,0.123342,,,,,0.95,0.05
pubchem::6167,832,300,1.77333,0.05,0.9025,,,,,0.95,0.05
pubchem::6167,832,300,1.77333,0.05,0.9025,,,,,0.95,0.05
pubchem::6167,76,300,-0.746667,0.05,0.228633,,,,,0.95,0.05
pubchem::6167,76,300,-0.746667,0.05,0.228633,,,,,0.95,0.05
pubchem::6167,,300,,0.05,,,177,1,,0.95,0.05
pubchem::6167,,300,,0.05,,,177,1,,0.95,0.05
pubchem::6167,,300,,0.05,,,177,1,,0.95,0.05
pubchem::6167,,300,,0.05,,,177,1,,0.95,0.05
pubchem::6167,2009,300,5.69667,0.05,0.9025,,,,,0.95,0.05
pubchem::6167,,300,,0.05,,,177,1,,0.95,0.05
pubchem::6167,,300,,0.05,,,177,1,,0.95,0.05
pubchem::6167,1.9,300,-0.993667,0.05,0.00571583,,,,,0.95,0.05
pubchem::6167,1.9,300,-0.993667,0.05,0.00571583,,,,,0.95,0.05
pubchem::6167,2015,300,5.71667,0.05,0.9025,,,,,0.95,0.05
pubchem::6167,19694,300,64.6467,0.05,0.9025,,,,,0.95,0.05
pubchem::6167,501922,300,1672.07,0.05,0.9025,,,,,0.95,0.05
pubchem::6167,348,300,0.16,0.05,0.9025,,,,,0.95,0.05
pubchem::6305,,300,,0.05,,,1995,1,,0.95,0.05
pubchem::6305,,300,,0.05,,,1995,1,,0.95,0.05
pubchem::6305,,300,,0.05,,,1995,1,,0.95,0.05
pubchem::6305,0,300,-1,0.05,0,,,,,0.95,0.05
pubchem::6305,0.25,300,-0.999167,0.05,0.000752083,,,,,0.95,0.05
pubchem::6305,,300,,0.05,,,,,280,0.95,0.05
pubchem::6305,,300,,0.05,,,20,0.999955,,0.95,0.05
pubchem::6305,507791,300,1691.64,0.05,0.9025,,,,,0.95,0.05
pubchem::6305,,300,,0.05,,,20,0.999955,,0.95,0.05
pubchem::6305,10,300,-0.966667,0.05,0.0300833,,,,,0.95,0.05
pubchem::6305,,300,,0.05,,,20,0.999955,,0.95,0.05
pubchem::6305,10,300,-0.966667,0.05,0.0300833,,,,,0.95,0.05
pubchem::6305,76,300,-0.746667,0.05,0.228633,,,,,0.95,0.05
pubchem::6305,10,300,-0.966667,0.05,0.0300833,,,,,0.95,0.05
pubchem::6305,22,300,-0.926667,0.05,0.0661833,,,,,0.95,0.05
pubchem::6305,22,300,-0.926667,0.05,0.0661833,,,,,0.95,0.05
pubchem::6305,22,300,-0.926667,0.05,0.0661833,,,,,0.95,0.05
pubchem::6305,7,300,-0.976667,0.05,0.0210583,,,,,0.95,0.05
pubchem::6305,10835,300,35.1167,0.05,0.9025,,,,,0.95,0.05
pubchem::6305,10835,300,35.1167,0.05,0.9025,,,,,0.95,0.05
pubchem::6305,31781,300,104.937,0.05,0.9025,,,,,0.95,0.05
pubchem::6305,31781,300,104.937,0.05,0.9025,,,,,0.95,0.05
pubchem::6305,22,300,-0.926667,0.05,0.0661833,,,,,0.95,0.05
pubchem::6305,22,300,-0.926667,0.05,0.0661833,,,,,0.95,0.05
pubchem::6305,22,300,-0.926667,0.05,0.0661833,,,,,0.95,0.05
pubchem::6305,19,300,-0.936667,0.05,0.0571583,,,,,0.95,0.05
pubchem::6305,19,300,-0.936667,0.05,0.0571583,,,,,0.95,0.05
pubchem::6305,19,300,-0.936667,0.05,0.0571583,,,,,0.95,0.05
pubchem::6305,22,300,-0.926667,0.05,0.0661833,,,,,0.95,0.05
pubchem::6305,22,300,-0.926667,0.05,0.0661833,,,,,0.95,0.05
pubchem::6305,22,300,-0.926667,0.05,0.0661833,,,,,0.95,0.05
pubchem::6305,1990,300,5.63333,0.05,0.9025,,,,,0.95,0.05
pubchem::6305,10,300,-0.966667,0.05,0.0300833,,,,,0.95,0.05
pubchem::6305,5,300,-0.983333,0.05,0.0150417,,,,,0.95,0.05
pubchem::6305,2,300,-0.993333,0.05,0.00601667,,,,,0.95,0.05
pubchem::6305,1,300,-0.996667,0.05,0.00300833,,,,,0.95,0.05
pubchem::6305,1991,300,5.63667,0.05,0.9025,,,,,0.95,0.05
pubchem::6305,4,300,-0.986667,0.05,0.0120333,,,,,0.95,0.05
pubchem::6305,2008,300,5.69333,0.05,0.9025,,,,,0.95,0.05
pubchem::6305,2,300,-0.993333,0.05,0.00601667,,40,1,,0.95,0.05
pubchem::6305,,300,,0.05,,,20,0.999955,,0.95,0.05
pubchem::6305,73,300,-0.756667,0.05,0.219608,,,,,0.95,0.05
pubchem::6305,344,300,0.146667,0.05,0.9025,,,,,0.95,0.05
pubchem::6305,,300,,0.05,,,84,1,,0.95,0.05
pubchem::6305,,300,,0.05,,,84,1,,0.95,0.05
pubchem::6305,,300,,0.05,,,84,1,,0.95,0.05
pubchem::6305,,300,,0.05,,,84,1,,0.95,0.05
pubchem::6305,4.6,300,-0.984667,0.05,0.0138383,,,,,0.95,0.05
pubchem::6305,,300,,0.05,,,500,1,,0.95,0.05
pubchem::6305,,300,,0.05,,,84,1,,0.95,0.05
pubchem::6305,,300,,0.05,,,84,1,,0.95,0.05
pubchem::6305,,300,,0.05,,,84,1,,0.95,0.05
pubchem::6305,,300,,0.05,,,84,1,,0.95,0.05
pubchem::6305,24,300,-0.92,0.05,0.0722,,,,,0.95,0.05
pubchem::6305,57,300,-0.81,0.05,0.171475,,,,,0.95,0.05
pubchem::6305,10.1038,300,-0.966321,0.05,0.0303956,,,,,0.95,0.05
pubchem::6324671,6,300,-0.98,0.05,0.01805,,,,,0.95,0.05
pubchem::6437358,4,300,-0.986667,0.05,0.0120333,,,,,0.95,0.05
pubchem::6437358,11.77,300,-0.960767,0.05,0.0354081,,,,,0.95,0.05
pubchem::6438581,6,300,-0.98,0.05,0.01805,,,,,0.95,0.05
pubchem::6438581,,300,,0.05,,,10.3,0.994234,,0.95,0.05
pubchem::6438581,,300,,0.05,,,10.3,0.994234,,0.95,0.05
pubchem::6438581,,300,,0.05,,,10.3,0.994234,,0.95,0.05
pubchem::6438581,,300,,0.05,,,10.3,0.994234,,0.95,0.05
pubchem::6438581,,300,,0.05,,,10.3,0.994234,,0.95,0.05
pubchem::6438581,,300,,0.05,,,10.3,0.994234,,0.95,0.05
pubchem::6438581,,300,,0.05,,,16.3,0.999711,,0.95,0.05
pubchem::6438581,,300,,0.05,,,10.3,0.994234,,0.95,0.05
pubchem::6440397,10,300,-0.966667,0.05,0.0300833,,,,,0.95,0.05
pubchem::6446789,10,300,-0.966667,0.05,0.0300833,,,,,0.95,0.05
pubchem::657289,6,300,-0.98,0.05,0.01805,,,,,0.95,0.05
pubchem::6675804,6,300,-0.98,0.05,0.01805,,,,,0.95,0.05
pubchem::6710780,6,300,-0.98,0.05,0.01805,,,,,0.95,0.05
pubchem::6711270,6,300,-0.98,0.05,0.01805,,,,,0.95,0.05
pubchem::9810929,6,300,-0.98,0.05,0.01805,,,,,0.95,0.05
pubchem::9810929,1300,300,3.33333,0.05,0.9025,,,,,0.95,0.05
pubchem::9832825,6,300,-0.98,0.05,0.01805,,,,,0.95,0.05
pubchem::9843752,112,300,-0.626667,0.05,0.336933,,,,,0.95,0.05
pubchem::9843752,507791,300,1691.64,0.05,0.9025,,,,,0.95,0.05
pubchem::9843752,12,300,-0.96,0.05,0.0361,,-12,0.00247262,,0.95,0.05
pubchem::9843752,12,300,-0.96,0.05,0.0361,,,,,0.95,0.05
pubchem::9854073,6,300,-0.98,0.05,0.01805,,,,,0.95,0.05
pubchem::9854073,17,300,-0.943333,0.05,0.0511417,,,,,0.95,0.05
pubchem::9854073,547852,300,1825.17,0.05,0.9025,,,,,0.95,0.05
pubchem::9854073,507791,300,1691.64,0.05,0.9025,,,,,0.95,0.05
pubchem::9854073,0.9,300,-0.997,0.05,0.0027075,,,,,0.95,0.05
pubchem::9854073,95,300,-0.683333,0.05,0.285792,,,,,0.95,0.05
pubchem::9854073,10,300,-0.966667,0.05,0.0300833,,,,,0.95,0.05
pubchem::9949641,62444,300,207.147,0.05,0.9025,,,,,0.95,0.05
pubchem::99957,6,300,-0.98,0.05,0.01805,,,,,0.95,0.05
pubchem::99957,28323,300,93.41,0.05,0.9025,,,,,0.95,0.05
